smiles,percent_inhibition,leaked
C#CCNC(=O)c1ccccc1Nc1cccc(OCCc2ccccc2)c1,12.0,False
C/C=C(\C)C(=O)NCCCC[C@H](NC(=O)[C@H](C)NC(C)=O)C(=O)N[C@@H](C)C(=O)OC,39.0,False
C/C=C/C(=O)NCCCC[C@H](NC(=O)[C@H](C)NC(C)=O)C(=O)N[C@@H](C)C(=O)OC,20.0,False
C=CCOc1ccccc1/C=C1\Oc2c(OC)cccc2C1=O,47.8,False
C=CCn1c(-c2ccccc2)c(Cc2c(O)ccc3ccccc23)c(=O)[nH]c1=S,37.5,False
CC(=O)NCCCC[C@H](NC(=O)[C@H](C)NC(C)=O)C(=O)N[C@@H](C)C(=O)O,62.0,False
CC(=O)N[C@@H](C)C(=O)N[C@@H](CCCCNC(=O)/C=C(/C)C(F)(F)F)C(=O)N[C@@H](C)C(=O)O,33.0,False
CC(=O)N[C@@H](C)C(=O)N[C@@H](CCCCNC(=O)C=C(C)C)C(=O)N[C@@H](C)C(=O)O,95.0,False
CC(=O)N[C@@H](C)C(=O)N[C@@H](CCCCNC(=O)CC(C)C)C(=O)N[C@@H](C)C(=O)O,94.0,False
CC(=O)N[C@@H](C)C(=O)N[C@@H](CCCCNC(=S)CC(C)C)C(=O)N[C@@H](C)C(=O)O,100.0,False
CC(=O)N[C@@H](C)C(=O)N[C@@H](CCCCNC(C)=S)C(=O)N[C@@H](C)C(=O)O,100.0,False
CC(=O)N[C@@H](C)C(=O)N[C@@H](CCCCNC(C)=[Se])C(=O)N[C@@H](C)C(=O)O,100.0,False
CC(=O)Nc1ncc(C)s1,10.0,False
CC(=O)Nc1ncc(Cc2cccc3ccccc23)s1,10.0,False
CC(=O)Oc1ccc2occ(C(=O)c3ccccc3)c2c1,0.17,False
CC(=O)c1ccc(N(C)S(=O)(=O)c2cccc(C(=O)Nc3ccc(C#N)cc3)c2)cc1,15.0,False
CC(=O)c1ccc(N(C)S(=O)(=O)c2cccc(C(=O)Nc3ccc(Cl)cc3)c2)cc1,2.5,False
CC(=O)c1ccc(N(C)S(=O)(=O)c2cccc(C(=O)Nc3ccc(Cl)cn3)c2)cc1,11.0,False
CC(=O)c1ccc(NC(=O)c2ccc(Oc3ccccc3)cc2)cc1,36.12,False
CC(=O)c1ccc(NC(=O)c2cccc(S(=O)(=O)N(C)c3ccc(C(C)=O)cc3)c2)cc1,5.0,False
CC(=S)NCCCC[C@H](N)C(=O)N[C@@H](C)C(=O)O,46.9,False
CC(=S)NCCCC[C@H](NC(=O)CCCCCCc1ccccc1)C(=O)NCc1ccccc1,99.0,False
CC(=S)NCCCC[C@H](NC(=O)CCCCCc1ccccc1)C(=O)NCC(=O)c1ccccc1,98.0,False
CC(=S)NCCCC[C@H](NC(=O)CCCCCc1ccccc1)C(=O)NCc1ccccc1,100.0,False
CC(=S)NCCCC[C@H](NC(=O)CCCc1ccccc1)C(=O)NCC(=O)c1ccccc1,98.0,False
CC(=S)NCCCC[C@H](NC(=O)CCc1ccccc1)C(=O)NCC(=O)c1ccccc1,96.0,False
CC(=S)NCCCC[C@H](NC(=O)CCc1ccccc1)C(=O)Nc1cccnc1,83.0,False
CC(=S)NCCCC[C@H](NC(=O)CCc1ccccc1F)C(=O)Nc1cccnc1,94.0,False
CC(=S)NCCCC[C@H](NC(=O)CCc1cccnc1)C(=O)NCC(=O)c1ccccc1,95.0,False
CC(=S)NCCCC[C@H](NC(=O)CCc1cccnc1)C(=O)Nc1ccccc1,82.0,False
CC(=S)NCCCC[C@H](NC(=O)CN(C)C)C(=O)Nc1ccccc1,62.0,False
CC(=S)NCCCC[C@H](NC(=O)C[C@@H]1NC(=O)[C@H](Cc2ccccc2)NC1=O)C(=O)NCC(=O)c1ccccc1,96.0,False
CC(=S)NCCCC[C@H](NC(=O)OC(C)(C)C)C(=O)NCC(=O)c1ccccc1,91.0,False
CC(=S)NCCCC[C@H](NC(=O)OC(C)(C)C)C(=O)NCCc1cccnc1,41.0,False
CC(=S)NCCCC[C@H](NC(=O)OCc1ccccc1)C(=O)NCC(=O)c1ccccc1,97.0,False
CC(=S)NCCCC[C@H](NC(=O)OCc1ccccc1)C(=O)NCC(N)=O,91.0,False
CC(=S)NCCCC[C@H](NC(=O)OCc1ccccc1)C(=O)NCC(O)c1ccccc1,77.0,False
CC(=S)NCCCC[C@H](NC(=O)OCc1ccccc1)C(=O)NCCc1c[nH]c2ccc(OCc3ccccc3)cc12,87.0,False
CC(=S)NCCCC[C@H](NC(=O)OCc1ccccc1)C(=O)NCCc1c[nH]c2ccccc12,85.0,False
CC(=S)NCCCC[C@H](NC(=O)OCc1ccccc1)C(=O)NCCc1ccccc1,72.0,False
CC(=S)NCCCC[C@H](NC(=O)OCc1ccccc1)C(=O)NCc1ccccc1,91.0,False
CC(=S)NCCCC[C@H](NC(=O)OCc1ccccc1)C(=O)N[C@@H](C)C(N)=O,96.0,False
CC(=S)NCCCC[C@H](NC(=O)OCc1ccccc1)C(=O)N[C@@H](Cc1c[nH]c2ccccc12)C(=O)NC(C)C,5.0,False
CC(=S)NCCCC[C@H](NC(=O)OCc1ccccc1)C(=O)Nc1ccccc1,83.0,False
CC(=S)NCCCC[C@H](NC(=O)OCc1ccccc1)C(=O)Nc1cccnc1,84.0,False
CC(=S)NCCCC[C@H](NC(=O)[C@@H]1CCCN1)C(=O)Nc1ccccc1,86.0,False
CC(=S)NCCCC[C@H](NC(=O)[C@@H]1CCCN1C(=O)OC(C)(C)C)C(=O)NCC(=O)c1ccccc1,97.0,False
CC(=S)NCCCC[C@H](NC(=O)[C@@H]1CCCN1C(=O)OC(C)(C)C)C(=O)NCCc1cccnc1,66.0,False
CC(=S)NCCCC[C@H](NC(=O)[C@@H]1CCCN1C(=O)OC(C)(C)C)C(=O)Nc1ccccc1,80.0,False
CC(=S)NCCCC[C@H](NC(=O)[C@@H]1C[C@@H](O)CN1C(=O)OCc1ccccc1)C(=O)NCC(=O)c1ccccc1,99.0,False
CC(=S)NCCCC[C@H](NC(=O)[C@@H]1C[C@@H](O)CN1C(=O)OCc1ccccc1)C(=O)NCc1ccccc1,97.0,False
CC(=S)NCCCC[C@H](NC(=O)[C@@H]1C[C@@H](O)CN1C(=O)OCc1ccccc1)C(=O)Nc1ccccc1,90.0,False
CC(=S)NCCCC[C@H](NC(=O)[C@H](CC(=O)O)NC(=O)[C@@H](N)CO)C(=O)O,11.8,False
CC(=[Se])NCCCC[C@H](NC(=O)OCc1ccccc1)C(=O)Nc1ccccc1,98.0,False
CC(C)(C(=O)NC(Cc1ccccc1)C(=O)N1CCN(C2=Nc3ccccc3Sc3ccccc32)CC1)c1ccc(C(=O)C2CC2)cc1,44.0,False
CC(C)(C)NC(=O)c1ccc2c(c1)CCc1ccccc1N2,25.0,False
CC(C)(C)NS(=O)(=O)c1ccc2c(c1)Nc1ccccc1CC2,12.0,False
CC(C)(C)OC(=O)NCCCCCNC(=O)CNC(=O)c1ccccc1Nc1cccc(OCCc2ccccc2)c1,14.0,False
CC(C)(C)OC(=O)NCCCCNC(=O)CNC(=O)c1ccccc1Nc1cccc(OCCc2ccccc2)c1,23.0,False
CC(C)(C)OC(=O)NCCCC[C@H](NC(=O)OCc1ccccc1)C(=O)Nc1ccccc1,6.0,False
CC(C)(C)OC(=O)NCCCNC(=O)c1ccccc1Nc1cccc(OCCc2ccccc2)c1,4.0,False
CC(C)(C)OC(=O)NCCCn1c(=S)[nH]c2cc([N+](=O)[O-])ccc21,10.0,False
CC(C)(C)OC(=O)NCCNC(=O)c1ccccc1Nc1cccc(OCCc2ccccc2)c1,11.0,False
CC(C)(C)OC(=O)Nc1cccc(-c2noc(C(=O)NNC(=S)Nc3ccc(C(F)(F)F)cc3)n2)c1,69.0,False
CC(C)(C)c1ccc(-c2noc(C(=O)NCC(=O)Nc3cccc(C(F)(F)F)c3)n2)cc1,20.0,False
CC(C)(C)c1ccc(-c2noc(C(=O)NNC(=O)Nc3cccc([N+](=O)[O-])c3)n2)cc1,18.0,False
CC(C)(C)c1ccc(-c2noc(C(=O)NNC(=O)Nc3ccccc3)n2)cc1,14.0,False
CC(C)(C)c1ccc(-c2noc(C(=O)NNC(=S)Nc3ccc(C(F)(F)F)cc3)n2)cc1,70.0,False
CC(C)(C)c1ccc(-c2noc(C(=O)NNC(=S)Nc3cccc(C(F)(F)F)c3)n2)cc1,59.0,False
CC(C)(C)c1ccc(-c2noc(CCCC(=O)Nc3cccc(C(F)(F)F)c3)n2)cc1,17.0,False
CC(C)(C)c1ccc(C(=O)O)cc1,54.8,True
CC(C)(NC(=O)/C=C/c1ccc(O)cc1)C(=O)NCCc1c[nH]c2ccc(F)cc12,7.0,False
CC(C)(NC(=O)/C=C/c1ccc(O)cc1)C(=O)NCCc1c[nH]c2ccccc12,6.6,False
CC(C)(NC(=O)/C=C/c1ccc(OCc2ccccc2)cc1)C(=O)NCCc1c[nH]c2ccccc12,10.2,False
CC(C)=CCC[C@]1(C)[C@@H](CC=C(C)C)C[C@]2(CC=C(C)C)C(=O)[C@@]1(CC=C(C)C)C(=O)C(C(=O)c1ccc(O)c(O)c1)=C2O,90.0,False
CC(C)=CCOc1ccc(Br)cc1/C=C1\Oc2ccccc2C1=O,75.3,False
CC(C)=CCOc1ccccc1/C=C1\Oc2ccccc2C1=O,31.8,False
CC(C)C(OC(=O)C(C)(C)C)n1nnnc1CCCNC(=S)NCCCC[C@H](NS(=O)(=O)c1cccc(F)c1)C(=O)N[C@@H](Cc1c[nH]c2ccccc12)C(=O)NC1CCC1,76.0,False
CC(C)CCNC(=O)c1ccccc1Nc1cccc(OCCc2ccccc2)c1,8.0,False
CC(C)C[C@H](NC(=O)[C@@H](NC(=O)CNC(=O)c1ccccc1)C(C)C)C(=O)N[C@@H](CCCCNC(=O)CC(C)(C(=O)O)c1ccccc1)C(=O)N[C@@H](CCC(=O)O)C(=O)N[C@@H](Cc1ccc(O)cc1)C(=O)NCC(=O)N[C@H](C(N)=O)C(C)C,1.0,False
CC(C)N1C(=O)C2(NC(=O)c3c(sc4c3CCCC4)N2)c2ccccc21,46.0,False
CC(C)N1CCN(C(=O)c2cccc(Oc3ccccc3)c2)CC1,48.15,False
CC(C)NC(=O)[C@H](Cc1c[nH]c2ccccc12)NC(=O)[C@H](CCCCNC(=O)C(F)(F)F)NC(=O)OCc1ccccc1,24.0,False
CC(C)NC(=O)[C@H](Cc1c[nH]c2ccccc12)NC(=O)[C@H](CCCCNC(=O)C(F)F)NC(=O)OCc1ccccc1,29.0,False
CC(C)c1ccc(-c2[nH][nH]c(=O)c2Cc2c(O)ccc3nc(Cl)ccc23)cc1,85.0,False
CC(C)c1ccc(C(=O)NC(=S)Nc2ccc(NC(=O)CCCCN(C)C)cc2)cc1,52.9,False
CC(C)n1c(=O)[nH]c2cc([N+](=O)[O-])ccc21,10.0,False
CC(NC(=O)c1ccc(/N=C/c2c(O)ccc3ccccc23)cc1)c1ccccc1,82.6,False
CC(NC(=O)c1cccc(/N=C/c2c(O)ccc3ccccc23)c1)c1ccccc1,63.0,False
CC(NC(=O)c1ccccc1/N=C/c1c(O)ccc2ccccc12)c1ccccc1,44.5,False
CC(NC(=O)c1ccccc1/N=C/c1cccc2ccccc12)c1ccccc1,33.0,False
CC(O)c1ccc(N(C)S(=O)(=O)c2cccc(C(=O)Nc3ccc(C#N)cc3)c2)cc1,17.0,False
CC(Sc1ncccn1)C(=O)Nc1ncc(Cc2cccc3ccccc23)s1,21.0,False
CC1(C)CC(=O)C2=C(C1)N(NC(=O)c1ccc(Cl)cc1Cl)C1=C(C(=O)CC(C)(C)C1)C2c1ccc(OCc2ccccc2)cc1,3.6,False
CC1(C)CC(=O)C2=C(C1)N(NC(=O)c1ccc(Cl)cc1Cl)C1=C(C(=O)CC(C)(C)C1)C2c1cccc(OCc2ccccc2)c1,4.7,False
CC1(C)CC(=O)C2=C(C1)N(NC(=O)c1ccc([N+](=O)[O-])cc1)C1=C(C(=O)CC(C)(C)C1)C2c1ccc(OCc2ccccc2)cc1,35.6,False
CC1(C)CC(=O)C2=C(C1)N(NC(=O)c1ccc([N+](=O)[O-])cc1)C1=C(C(=O)CC(C)(C)C1)C2c1cccc(OCc2ccccc2)c1,33.6,False
CC1(C)CC(=O)C2=C(C1)N(NC(=O)c1ccc([N+](=O)[O-])cc1)C1=C(C(=O)CC(C)(C)C1)C2c1ccccc1OCc1ccccc1,39.0,False
CC1(C)CC(=O)C2=C(C1)N(NC(=O)c1ccccc1)C1=C(C(=O)CC(C)(C)C1)C2c1ccc(OCc2ccccc2)cc1,52.0,False
CC1(C)CC(=O)C2=C(C1)N(NC(=O)c1ccccc1)C1=C(C(=O)CC(C)(C)C1)C2c1cccc(OCc2ccccc2)c1,21.5,False
CC1(C)CC(=O)C2=C(C1)N(NC(=O)c1ccccc1)C1=C(C(=O)CC(C)(C)C1)C2c1ccccc1OCc1ccccc1,39.7,False
CC1(C)CC(=O)C2=C(C1)N(NC(=O)c1ccncc1)C1=C(C(=O)CC(C)(C)C1)C2c1cccc(OCc2ccccc2)c1,53.67,False
CC1(C)CC(=O)C2=C(C1)N(NC(=O)c1ccncc1)C1=C(C(=O)CC(C)(C)C1)C2c1ccccc1OCc1ccccc1,72.63,False
CC1(C)CC(=O)C2=C(C1)N(Nc1ccc([N+](=O)[O-])cc1[N+](=O)[O-])C1=C(C(=O)CC(C)(C)C1)C2c1ccc(OCc2ccccc2)cc1,54.8,False
CC1(C)CC(=O)C2=C(C1)N(Nc1ccc([N+](=O)[O-])cc1[N+](=O)[O-])C1=C(C(=O)CC(C)(C)C1)C2c1cccc(OCc2ccccc2)c1,33.2,False
CC1(C)CC(=O)C2=C(C1)N(Nc1ccc([N+](=O)[O-])cc1[N+](=O)[O-])C1=C(C(=O)CC(C)(C)C1)C2c1ccccc1OCc1ccccc1,83.2,False
CC1(C)CC(=O)C2=C(C1)N(Nc1ccccc1)C1=C(C(=O)CC(C)(C)C1)C2c1ccc(OCc2ccccc2)cc1,55.2,False
CC1(C)CC(=O)C2=C(C1)N(Nc1ccccc1)C1=C(C(=O)CC(C)(C)C1)C2c1cccc(OCc2ccccc2)c1,51.4,False
CC1(C)CC(=O)C2=C(C1)N(Nc1ccccc1)C1=C(C(=O)CC(C)(C)C1)C2c1ccccc1OCc1ccccc1,82.1,False
CC1(C)CCC(C(N)=O)c2[nH]nc(-c3ccc(Cl)cc3)c21,20.0,False
CC1(C)Cc2c(-c3cc4ccccc4s3)n[nH]c2C(C(N)=O)C1,53.0,False
CC1(C)Cc2c(-c3ccc(Br)cc3)n[nH]c2C(C(N)=O)C1,56.0,False
CC1(C)Cc2c(-c3ccc(Cl)c(Cl)c3)n[nH]c2C(C(N)=O)C1,23.0,False
CC1=CCC(C(=O)/N=C2\CC=C(S(=O)(=O)O)c3cc(S(=O)(=O)O)cc(S(=O)(=O)O)c32)=C/C1=N/C(=O)C1=CC=C/C(=N\C(=O)/N=C2\C=CC=C(C(=O)/N=C3/CC(C(=O)/N=C4\CC=C(S(=O)(=O)O)c5cc(S(=O)(=O)O)cc(S(=O)(=O)O)c54)=CC=C3C)C2)C1,86.75999999999999,False
CCC(Sc1nc(C)cc(C)n1)C(=O)Nc1ncc(Cc2cccc3ccc(Cl)cc23)s1,10.0,False
CCC(Sc1nc(C)cc(C)n1)C(=O)Nc1ncc(Cc2cccc3ccccc23)s1,35.0,False
CCCC1CC(=O)c2cc(Cl)cc(Br)c2O1,10.0,False
CCCCC(=O)N(CCCC)Cc1ccc(C(=O)NO)cc1,15.0,False
CCCCCC(=O)Nc1ncc(Cc2cccc3ccccc23)s1,10.0,False
CCCCCC1CC(=O)c2cc(Br)cc(Br)c2O1,10.0,False
CCCCCC1CC(=O)c2cc(C)cc(C)c2O1,10.0,False
CCCCCC1CC(=O)c2cc(Cl)cc(Br)c2O1,10.0,False
CCCCCC1Nc2c(Br)cc(Br)cc2S(=O)(=O)N1,4.4,False
CCCCCCCCCCCCCC(=O)NCCCC[C@H](NC(=O)OCc1ccccc1)C(=O)Nc1ccccc1,1.7,False
CCCCCCCCCCCCCC(=S)NCCCC[C@H](NC(=O)OCc1ccccc1)C(=O)Nc1ccccc1,1.755,False
CCCCCCCCCCCCCCCCN1C(=O)C2(NC(=O)c3c(sc4c3CCCC4)N2)c2ccccc21,46.0,False
CCCCCCCCCCCCCNC(=O)CCCSC[C@H](NC(=O)[C@H](CCCNC(=N)N)NC(=O)[C@H](C)NC(=O)[C@@H](NC(=O)[C@H](CCC(N)=O)NC(=O)[C@@H](N)CCCCN)[C@@H](C)O)C(=O)N[C@@H](CO)C(=O)N[C@H](C(=O)NCC(=O)NCC(=O)N[C@@H](CCCCN)C(=O)O)[C@@H](C)O,67.0,False
CCCCCCCCCCNC(=O)CCCSC[C@H](NC(=O)[C@H](CCCNC(=N)N)NC(=O)[C@H](C)NC(=O)[C@@H](NC(=O)[C@H](CCC(N)=O)NC(=O)[C@@H](N)CCCCN)[C@@H](C)O)C(=O)N[C@@H](CO)C(=O)N[C@H](C(=O)NCC(=O)NCC(=O)N[C@@H](CCCCN)C(=O)O)[C@@H](C)O,60.0,False
CCCCCCCCNC(=O)CCCSC[C@H](NC(=O)[C@H](CCCNC(=N)N)NC(=O)[C@H](C)NC(=O)[C@@H](NC(=O)[C@H](CCC(N)=O)NC(=O)[C@@H](N)CCCCN)[C@@H](C)O)C(=O)N[C@@H](CO)C(=O)N[C@H](C(=O)NCC(=O)NCC(=O)N[C@@H](CCCCN)C(=O)O)[C@@H](C)O,23.0,False
CCCCCCCCn1c(-c2ccc(-c3ccc(C)cc3)cc2)nc2cc(C(=O)OCC)ccc21,15.3,False
CCCCCCCCn1c(-c2ccc(-c3ccc(Cl)cc3)cc2)nc2cc(C(=O)OCC)ccc21,24.34,False
CCCCCCCCn1c(-c2ccc(-c3ccc(O)cc3O)cc2)nc2cc(C(=O)OCC)ccc21,29.03,False
CCCCCCCCn1c(-c2ccc(-c3ccc(OC(F)(F)F)cc3)cc2)nc2cc(C(=O)OCC)ccc21,25.02,False
CCCCCCCCn1c(-c2ccc(-c3cccc(-c4ccc(F)cn4)c3)cc2)nc2cc(C(=O)OCC)ccc21,22.01,False
CCCCCCCCn1c(-c2ccc(-c3ccccc3)cc2)nc2cc(C(=O)OCC)ccc21,23.89,False
CCCCCCCCn1c2c(c3cc(-c4ccc(S(C)(=O)=O)cc4)ccc31)CN(C(N)=O)CC2,51.8,False
CCCCCCCCn1c2c(c3cc(-c4ccc(S(C)(=O)=O)cc4)ccc31)CN(C)CC2,12.8,False
CCCCCCCCn1c2c(c3cc(-c4ccc(S(C)(=O)=O)cc4)ccc31)CNCC2,48.5,False
CCCCCCCCn1c2c(c3cc(-c4cccc(C)c4)ccc31)CN(C(C)C)CC2,2.4,False
CCCCCCCCn1c2c(c3cc(-c4cccc(C)c4)ccc31)CN(C)CC2,66.4,False
CCCCCCCCn1c2c(c3cc(-c4cccc(C)c4)ccc31)CN(Cc1ccccc1)CC2,5.0,False
CCCCCCCCn1c2c(c3cc(-c4cccc(C)c4)ccc31)CNCC2,5.1,False
CCCCCCCCn1c2c(c3cc(-c4ccnc(F)c4)ccc31)CNCC2,1.1,False
CCCCCCCCn1c2c(c3cc(-c4cnc(N)nc4)ccc31)CN(C(C)C)CC2,15.3,False
CCCCCCCCn1c2c(c3cc(-c4cnc(N)nc4)ccc31)CNCC2,2.4,False
CCCCCCNC(=O)CCCSC[C@H](NC(=O)[C@H](CCCNC(=N)N)NC(=O)[C@H](C)NC(=O)[C@@H](NC(=O)[C@H](CCC(N)=O)NC(=O)[C@@H](N)CCCCN)[C@@H](C)O)C(=O)N[C@@H](CO)C(=O)N[C@H](C(=O)NCC(=O)NCC(=O)N[C@@H](CCCCN)C(=O)O)[C@@H](C)O,36.0,False
CCCCCNC(=O)c1ccccc1Nc1cccc(OCCc2ccccc2)c1,9.0,False
CCCCC[C@@H]1CC(=O)c2cc(Cl)cc(Br)c2O1,10.0,False
CCCCC[C@H]1CC(=O)c2cc(Cl)cc(Br)c2O1,10.0,False
CCCCCc1cc(=O)c2cc(Cl)cc(Br)c2o1,9.9,False
CCCCCc1ccc(C(=O)NC(=S)Nc2ccc(NC(=O)CCCCN(C)C)cc2)cc1,73.2,False
CCCCN(Cc1ccc(C(=O)NO)cc1)C(=O)CCCCn1cc(COc2cccc(Cc3cnc(NC(=O)CSc4nc(C)cc(C)n4)s3)c2)nn1,15.0,False
CCCCNC(=O)CCCSC[C@H](NC(=O)[C@H](CCCNC(=N)N)NC(=O)[C@H](C)NC(=O)[C@@H](NC(=O)[C@H](CCC(N)=O)NC(=O)[C@@H](N)CCCCN)[C@@H](C)O)C(=O)N[C@@H](CO)C(=O)N[C@H](C(=O)NCC(=O)NCC(=O)N[C@@H](CCCCN)C(=O)O)[C@@H](C)O,30.0,False
CCCCNC(=O)NNC(=O)c1nc(-c2ccc(C(C)(C)C)cc2)no1,22.0,False
CCCCNC(=O)c1ccccc1Nc1cccc(OCCc2ccccc2)c1,2.0,False
CCCCOc1ccc(Cn2c(-c3ccccc3)c(Cc3c(OC)ccc4ccccc34)c(=O)[nH]c2=S)cc1,32.7,False
CCCCOc1ccc(Cn2c(-c3ccccc3)c(Cc3ccccc3)c(=O)[nH]c2=S)cc1,8.5,False
CCCCc1ccc(C(=O)NC(=S)Nc2ccc(NC(=O)CCCCN(C)C)cc2)cc1,56.3,False
CCCCn1c(-c2ccc(Cl)cc2)c(Cc2c(OC)ccc3ccccc23)c(=O)[nH]c1=S,18.4,False
CCCCn1c(-c2ccccc2)c(Cc2c(O)ccc3ccccc23)c(=O)[nH]c1=S,16.9,False
CCCCn1c(-c2ccccc2C)c(Cc2c(OC)ccc3ccccc23)c(=O)[nH]c1=S,11.5,False
CCCNC(=O)[C@H](CNC(=O)Cn1cc(C(N)=O)c(=O)[nH]c1=O)NC(=O)CCc1nc(-c2cccnc2)no1,10.0,False
CCCNC(=O)c1ccccc1Nc1cccc(OCCc2ccccc2)c1,8.0,False
CCCOc1ccc(Cn2c(-c3ccccc3)c(Cc3c(Cc4ccccc4)ccc4ccccc34)c(=O)[nH]c2=S)cc1,22.8,False
CCCOc1ccc(Cn2c(-c3ccccc3)c(Cc3c(O)ccc4ccccc34)c(=O)[nH]c2=S)cc1,15.6,False
CCCOc1ccc(Cn2c(-c3ccccc3)c(Cc3c(OC)ccc4ccccc34)c(=O)[nH]c2=S)cc1,38.0,False
CCCc1cc(O)nc(SCC(=O)Nc2ncc(Cc3cccc4ccccc34)s2)n1,22.0,False
CCCc1ccc(C(=O)NC(=S)Nc2ccc(NC(=O)CCCCN(C)C)cc2)cc1,50.9,False
CCCc1cnc(SCC(=O)Nc2nc3ccc(OCC)cc3s2)nc1O,10.0,False
CCCc1nn(C)c2c(=O)[nH]c(-c3ccc(O)c(OC(F)F)c3)nc12,63.0,False
CCCc1nn(C)c2c(=O)[nH]c(-c3cccc(Br)c3)nc12,59.0,False
CCCc1nn(C)c2c(=O)[nH]c(-c3cccc([N+](=O)[O-])c3O)nc12,61.0,False
CCCc1nn(C)c2c1NC1(NC2=O)C(=O)N(C(=O)OC(C)(C)C)c2ccccc21,46.0,False
CCCc1nn(C)c2c1NC1(NC2=O)C(=O)N(Cc2ccccc2)c2ccccc21,46.0,False
CCCn1c(-c2ccccc2)c(Cc2c(O)ccc3ccccc23)c(=O)[nH]c1=S,25.0,False
CCN(CC)C(=O)c1ccccc1Nc1cccc(OCCc2ccccc2)c1,11.0,False
CCN(CC)CCNC(=O)c1c(C)[nH]c(/C=C2\C(=O)Nc3ccc(F)cc32)c1C,10.0,False
CCNC(=O)CCCSC[C@H](NC(=O)[C@H](CCCNC(=N)N)NC(=O)[C@H](C)NC(=O)[C@@H](NC(=O)[C@H](CCC(N)=O)NC(=O)[C@@H](N)CCCCN)[C@@H](C)O)C(=O)N[C@@H](CO)C(=O)N[C@H](C(=O)NCC(=O)NCC(=O)N[C@@H](CCCCN)C(=O)O)[C@@H](C)O,35.0,False
CCOC(=O)C1=C(CN2CCOCC2)NC(c2nccs2)=NC1c1ccc(F)cc1Br,7.0,False
CCOC(=O)C1=CN(CCc2ccccc2)C=C(C(=O)OCC)C1c1ccccc1,76.6,False
CCOC(=O)C1=CN(c2ccccc2)C=C(C(=O)OCC)C1c1ccccc1,63.6,False
CCOC(=O)C1CCCc2c(-c3ccc(Cl)c(F)c3)n[nH]c21,20.0,False
CCOC(=O)CCCN1C(=O)c2ccccc2S1(=O)=O,8.7,False
CCOC(=O)c1ccc(N2CCN(CCn3c(-c4ccc(-c5ccc(C)cc5)cc4)nc4cc(C(=O)OCC)ccc43)CC2)c(N)c1,28.38,False
CCOC(=O)c1ccc(N2CCN(CCn3c(-c4ccc(-c5ccc(Cl)cc5)cc4)nc4cc(C(=O)OCC)ccc43)CC2)c(N)c1,28.19,False
CCOC(=O)c1ccc(N2CCN(CCn3c(-c4ccc(-c5ccc(OC(F)(F)F)cc5)cc4)nc4cc(C(=O)OCC)ccc43)CC2)c(N)c1,24.56,False
CCOC(=O)c1ccc(N2CCN(CCn3c(-c4ccc(-c5ccccc5)cc4)nc4cc(C(=O)OCC)ccc43)CC2)c(N)c1,31.09,False
CCOC(=O)c1ccc(N2CCN(CCn3c(-c4ccc(-c5cncc(-c6ccc(F)cc6)c5)cc4)nc4cc(C(=O)OCC)ccc43)CC2)c(N)c1,20.6,False
CCOC(=O)c1ccc2[nH]c(-c3ccc(C(C)(C)C)cc3)nc2c1,46.92,False
CCOC(=O)c1ccc2[nH]c(-c3ccc(C)cc3)nc2c1,40.11,False
CCOC(=O)c1ccc2[nH]c(-c3ccc(N(C)C)cc3)nc2c1,43.93,False
CCOC(=O)c1ccc2[nH]c(-c3ccc(N4CCCCC4)cc3)nc2c1,55.08,False
CCOC(=O)c1ccc2[nH]c(-c3ccc(N4CCOCC4)cc3)nc2c1,37.77,False
CCOC(=O)c1ccc2[nH]c(-c3ccc(O)cc3)nc2c1,37.36,False
CCOC(=O)c1ccc2[nH]c(-c3ccc(OC)cc3)nc2c1,19.7,False
CCOC(=O)c1ccc2[nH]c(-c3ccccc3)nc2c1,24.7,False
CCOC(=O)c1ccc2c(c1)nc(-c1ccc(Br)cc1)n2-c1ccccc1,26.7,False
CCOC(=O)c1ccc2c(c1)nc(-c1ccc(Br)cc1)n2CCCN1CCCC1=O,27.3,False
CCOC(=O)c1ccc2c(c1)nc(-c1ccc(Br)cc1)n2CCO,14.72,False
CCOC(=O)c1ccc2c(c1)nc(-c1ccc(C(F)(F)F)cc1)n2-c1ccccc1,33.76,False
CCOC(=O)c1ccc2c(c1)nc(-c1ccc(C(F)(F)F)cc1)n2CCCN1CCCC1=O,32.84,False
CCOC(=O)c1ccc2c(c1)nc(-c1ccc(C(F)(F)F)cc1)n2CCO,23.22,False
CCOC(=O)c1ccc2c(c1)nc(-c1ccc(C)cc1)n2-c1ccccc1,43.93,False
CCOC(=O)c1ccc2c(c1)nc(-c1ccc(C)cc1)n2CCCN1CCCC1=O,33.56,False
CCOC(=O)c1ccc2c(c1)nc(-c1ccc(C)cc1)n2CCO,24.94,False
CCOC(=O)c1ccc2c(c1)nc(-c1ccc(Cl)cc1)n2-c1ccccc1,19.82,False
CCOC(=O)c1ccc2c(c1)nc(-c1ccc(Cl)cc1)n2CCCN1CCCC1=O,27.16,False
CCOC(=O)c1ccc2c(c1)nc(-c1ccc(Cl)cc1)n2CCO,5.32,False
CCOC(=O)c1ccc2c(c1)nc(-c1ccc(N(C)C)cc1)n2-c1ccccc1,60.59,False
CCOC(=O)c1ccc2c(c1)nc(-c1ccc(N(C)C)cc1)n2CCCN1CCCC1=O,49.15,False
CCOC(=O)c1ccc2c(c1)nc(-c1ccc(N(C)C)cc1)n2CCO,48.7,False
CCOC(=O)c1ccc2c(c1)nc(-c1ccc(N3CCCCC3)cc1)n2CCO,43.33,False
CCOC(=O)c1ccc2c(c1)nc(-c1ccc(O)cc1)n2-c1ccccc1,11.01,False
CCOC(=O)c1ccc2c(c1)nc(-c1ccc(O)cc1)n2CCCN1CCCC1=O,30.93,False
CCOC(=O)c1ccc2c(c1)nc(-c1ccc(O)cc1)n2CCO,12.65,False
CCOC(=O)c1ccc2c(c1)nc(-c1ccc(OC(F)(F)F)cc1)n2CCO,11.74,False
CCOC(=O)c1ccc2c(c1)nc(-c1ccc(OC)cc1)n2CCO,17.79,False
CCOC(=O)c1ccc2c(c1)nc(-c1ccc([N+](=O)[O-])cc1)n2-c1ccccc1,34.2,False
CCOC(=O)c1ccc2c(c1)nc(-c1ccc([N+](=O)[O-])cc1)n2CCCN1CCCC1=O,37.36,False
CCOC(=O)c1ccc2c(c1)nc(-c1ccc([N+](=O)[O-])cc1)n2CCO,33.77,False
CCOC(=O)c1ccc2c(c1)nc(-c1ccc3c(c1)OCO3)n2CCO,39.63,False
CCOC(=O)c1ccc2c(c1)nc(-c1ccccc1)n2-c1ccccc1,21.03,False
CCOC(=O)c1ccc2c(c1)nc(-c1ccccc1)n2CCCN1CCCC1=O,30.03,False
CCOC(=O)c1ccc2c(c1)nc(-c1ccccc1)n2CCO,12.73,False
CCOC(=O)c1ccccc1/N=C/c1c(O)ccc2ccccc12,9.0,False
CCOc1ccc(Cn2c(-c3ccccc3)c(Cc3c(Cc4ccccc4)ccc4ccccc34)c(=O)[nH]c2=S)cc1,36.6,False
CCOc1ccc(Cn2c(-c3ccccc3)c(Cc3c(O)ccc4ccccc34)c(=O)[nH]c2=S)cc1,13.4,False
CCOc1ccc(Cn2c(-c3ccccc3)c(Cc3c(OC)ccc4ccccc34)c(=O)[nH]c2=S)cc1,19.3,False
CCOc1ccc(Cn2c(-c3ccccc3)c(Cc3ccccc3)c(=O)[nH]c2=S)cc1,35.0,False
CCOc1ccc2nc(NC(=O)CSc3nc(C)cc(C)n3)sc2c1,16.0,False
CCOc1cccc(Cc2cnc(NC(=O)CSc3nc(C)cc(C)n3)s2)c1,10.0,False
CC[C@H](C)[C@H](NC(=O)[C@@H](NC(=O)[C@H](CCCCNC(=O)Cc1ccc(/N=N/c2ccccc2)cc1)NC(=O)[C@H](CC(=O)O)NC(=O)[C@H](CO)NC(C)=O)[C@@H](C)O)C(N)=O,24.5,False
CC[C@H](C)[C@H](NC(=O)[C@@H](NC(=O)[C@H](CCCCNC(=O)c1ccc(/N=N/c2ccc(N(C)C)cc2)cc1)NC(=O)[C@H](CC(=O)O)NC(=O)[C@H](CO)NC(C)=O)[C@@H](C)O)C(N)=O,6.050000000000001,False
CC[C@H](C)[C@H](NC(=O)[C@H](CCCNC(=N)N)NC(C)=O)C(=O)N[C@@H](CCCCNC(=O)C(F)(F)F)C(=O)N[C@@H](CCCNC(=N)N)C(=O)N[C@@H](Cc1ccc(O)cc1)C(N)=O,24.0,False
CC[C@H](C)[C@H](NC(=O)[C@H](CCCNC(=N)N)NC(C)=O)C(=O)N[C@@H](CCCCNC(=O)CCc1ccc(/N=N/c2ccc(N(C)C)cc2)cc1)C(=O)N[C@@H](CCCNC(=N)N)C(=O)N[C@@H](Cc1ccc(O)cc1)C(N)=O,42.0,False
CC[C@H](C)[C@H](NC(=O)[C@H](CCCNC(=N)N)NC(C)=O)C(=O)N[C@@H](CCCCNC(=O)c1ccc(/N=N/c2ccc(N(C)C)cc2)cc1)C(=O)N[C@@H](CCCNC(=N)N)C(=O)N[C@@H](Cc1ccc(O)cc1)C(N)=O,32.0,False
CCc1cc(CC)nc(SC(C)C(=O)Nc2ncc(Cc3ccc(OC)cc3)s2)n1,18.0,False
CCc1cc(CC)nc(SCC(=O)Nc2ncc(Cc3ccc(-c4ccccc4)cc3)s2)n1,10.0,False
CCc1cc(CC)nc(SCC(=O)Nc2ncc(Cc3ccc(Cl)cc3)s2)n1,18.0,False
CCc1cc(CC)nc(SCC(=O)Nc2ncc(Cc3ccc(OC)cc3)s2)n1,17.0,False
CCc1cc(CC)nc(SCC(=O)Nc2ncc(Cc3cccc(C)c3)s2)n1,10.0,False
CCc1cc(CC)nc(SCC(=O)Nc2ncc(Cc3cccc4ccccc34)s2)n1,10.0,False
CCc1ccc2c(Cc3c(-c4ccc(C)cc4)[nH][nH]c3=O)c(O)ccc2c1,45.0,False
CCn1c(-c2ccccc2)c(Cc2c(O)ccc3ccccc23)c(=O)[nH]c1=S,31.9,False
CN(C(=O)c1cccc(S(=O)(=O)N(C)c2ccc(Br)cc2)c1)c1ccc(Cl)cc1F,2.5,False
CN(C)CCCC(=O)Nc1ccc(NC(=S)NC(=O)c2ccc(C(C)(C)C)cc2)cc1,85.2,False
CN(C)CCCCC(=O)Nc1ccc(N(C)C(=S)NC(=O)c2ccc(C(C)(C)C)cc2)cc1,6.6,False
CN(C)CCCCC(=O)Nc1ccc(NC(=O)NC(=O)c2ccc(C(C)(C)C)cc2)cc1,93.6,False
CN(C)CCCCC(=O)Nc1ccc(NC(=S)NC(=O)c2ccc(Br)cc2)cc1,13.5,False
CN(C)CCCCC(=O)Nc1ccc(NC(=S)NC(=O)c2ccc(C(C)(C)C)c(Br)c2)cc1,93.5,False
CN(C)CCCCC(=O)Nc1ccc(NC(=S)NC(=O)c2ccc(C(C)(C)C)cc2)cc1,58.95,True
CN(C)CCCCC(=O)Nc1ccc(NC(=S)NC(=O)c2ccc(Cl)c(Cl)c2)cc1,8.1,False
CN(C)CCCCC(=O)Nc1ccc(NC(=S)NC(=O)c2ccc(Cl)cc2)cc1,53.4,False
CN(C)CCCCC(=O)Nc1ccc(NC(=S)NC(=O)c2cccc(Br)c2)cc1,70.5,False
CN(C)CCCCC(=O)Nc1ccc(NC(=S)NC(=O)c2cccc(Cl)c2)cc1,29.2,False
CN(C)CCCCC(=O)Nc1ccc(NC(=S)NC(=O)c2ccccc2)cc1,3.5,False
CN(C)CCCCC(=O)Nc1ccc(NC(=S)NC(=O)c2ccccc2Cl)cc1,29.3,False
CN(C)CCCCCC(=O)Nc1ccc(NC(=S)NC(=O)c2ccc(C(C)(C)C)cc2)cc1,96.2,False
CN(C)CCCCCCCC(=O)Nc1ccc(NC(=S)NC(=O)c2ccc(C(C)(C)C)cc2)cc1,70.9,False
CN(C)CCCCNC(=O)c1ccc(NC(=S)NC(=O)c2ccc(C(C)(C)C)cc2)cc1,72.5,False
CN(C)CCNC(=O)c1ccccc1Nc1cccc(OCCc2ccccc2)c1,18.0,False
CN(C)CCOCCOCCOCCOCCOCC(=O)Nc1ccc(NC(=S)NC(=O)c2ccc(C(C)(C)C)cc2)cc1,29.6,False
CN(C)c1ccc(-c2nc3cc(C(=O)O)ccc3n2CCO)cc1,19.65,False
CN(C)c1ccc(/C=C2\C(=O)Nc3c2ccc(Cl)c3Cl)cc1,20.7,False
CN(C)c1ccc(C(=O)O)cc1,25.3,True
CN(c1ccc(Cl)cc1)S(=O)(=O)c1cc(C(=O)Nc2ccc(C#N)cc2)ccn1,16.0,False
CN(c1ccc(Cl)cc1)S(=O)(=O)c1cc(C(=O)Nc2ccc(C#N)cc2F)ccn1,7.5,False
CN(c1ccc(Cl)cc1)S(=O)(=O)c1cccc(C(=O)Nc2cc(Cl)cnn2)c1,4.0,False
CN(c1ccc(Cl)cc1)S(=O)(=O)c1cccc(C(=O)Nc2ccc(C#N)cc2)c1,8.5,False
CN(c1ccc(Cl)cc1)S(=O)(=O)c1cccc(C(=O)Nc2ccc(C#N)cc2F)c1,9.0,False
CN(c1ccc(Cl)cc1)S(=O)(=O)c1cccc(C(=O)Nc2ccc(C#N)cn2)c1,13.0,False
CN(c1ccc(Cl)cc1)S(=O)(=O)c1cccc(C(=O)Nc2ccc(Cl)nn2)c1,7.5,False
CN(c1ccc(Cl)cc1)S(=O)(=O)c1cccc(C(=O)Nc2ccc(S(C)(=O)=O)cc2)c1,5.0,False
CN(c1ccc(Cl)cc1)S(=O)(=O)c1cccc(NC(=O)c2ccc(C#N)cc2)c1,20.0,False
CN(c1ccc(Cl)cn1)S(=O)(=O)c1cccc(C(=O)Nc2ccc(C#N)cc2)c1,10.0,False
CN(c1ccc(F)cc1)S(=O)(=O)c1cccc(C(=O)Nc2ccc(C#N)cc2)c1,18.5,False
CN(c1ccc(S(C)(=O)=O)cc1)S(=O)(=O)c1cccc(C(=O)Nc2ccc(C#N)cc2)c1,9.0,False
CN(c1ccc(S(C)(=O)=O)cc1)S(=O)(=O)c1cccc(NC(=O)c2ccc(Br)cc2)c1,14.0,False
CN1C(=O)C2(NC(=O)c3c(sc4c3CCCC4)N2)c2ccccc21,46.0,False
CN1C/C(=C\c2cc(Br)c(O)c(Br)c2)C(=O)/C(=C/c2cc(Br)c(O)c(Br)c2)C1,63.0,False
CN1CCCC1CCn1cc(C2=C(c3c[nH]c4ccccc34)C(=O)NC2=O)c2ccccc21,58.2,False
CN1CCN(C(=O)[C@@H]2Cc3c([nH]c4ccccc34)[C@H]3N(C)c4ccccc4C(=O)N23)CC1,5.3,False
CN1c2ccc(C(N)=O)cc2CCc2cc([N+](=O)[O-])ccc21,23.0,False
CN1c2ccccc2C(=O)N2CCc3c([nH]c4ccccc34)[C@@H]21,1.1,False
CN1c2ccccc2C(=O)N2CCc3c([nH]c4ccccc34)[C@H]21,4.2,False
CN1c2ccccc2C(=O)N2[C@H](C(=O)N3CCCCC3)Cc3c([nH]c4ccccc34)[C@@H]12,6.5,False
CN1c2ccccc2C(=O)N2[C@H](C(=O)N3CCOCC3)Cc3c([nH]c4ccccc34)[C@@H]12,4.1,False
CN1c2ccccc2C(=O)N2[C@H](C(=O)N3CCSCC3)Cc3c([nH]c4ccccc34)[C@@H]12,8.2,False
CN1c2ccccc2C(=O)N2[C@H](C(=O)O)Cc3c([nH]c4ccccc34)[C@@H]12,26.0,False
CNC(=O)C1CCCc2c(-c3ccc(Cl)cc3)n[nH]c21,20.0,False
CNC(=O)CCCSC[C@H](NC(=O)[C@H](CCCNC(=N)N)NC(=O)[C@H](C)NC(=O)[C@@H](NC(=O)[C@H](CCC(N)=O)NC(=O)[C@@H](N)CCCCN)[C@@H](C)O)C(=O)N[C@@H](CO)C(=O)N[C@H](C(=O)NCC(=O)NCC(=O)N[C@@H](CCCCN)C(=O)O)[C@@H](C)O,34.0,False
CNC(=O)[C@@H]1Cc2c([nH]c3ccccc23)[C@H]2N(C)c3ccccc3C(=O)N12,6.4,False
CNC(=O)[C@H](C)NC(=O)[C@H](CCCCNC(=O)C(C)(C)C)NC(=O)[C@H](C)NC(C)=O,82.0,False
CNC(=O)[C@H](C)NC(=O)[C@H](CCCCNC(=O)C=C(C)C)NC(=O)[C@H](C)NC(C)=O,96.0,False
CNC(=O)[C@H](C)NC(=O)[C@H](CCCCNC(=O)c1ccc(N(C)C)cc1)NC(=O)[C@H](C)NC(C)=O,39.0,False
CNC(=O)[C@H](C)NC(=O)[C@H](CCCCNC(=O)c1ccc[nH]1)NC(=O)[C@H](C)NC(C)=O,36.0,False
CNC(=O)[C@H](C)NC(=O)[C@H](CCCCNC(=O)c1cccn1C)NC(=O)[C@H](C)NC(C)=O,23.0,False
CNC(=O)[C@H](C)NC(=O)[C@H](CCCCNC(C)=O)NC(=O)[C@H](C)NC(C)=O,66.0,False
COC(=O)CNC(=O)c1ccccc1Nc1cccc(OCCc2ccccc2)c1,17.0,False
COC(=O)NCCCC[C@H](NC(=O)[C@H](C)NC(C)=O)C(=O)N[C@@H](C)C(=O)OC,8.0,False
COC(=O)[C@@H]1Cc2c([nH]c3ccccc23)[C@H]2N(C)c3ccccc3C(=O)N12,3.3,False
COC(=O)[C@H](C)NC(=O)[C@H](CCCCNC(=O)C(C)(C)C)NC(=O)[C@H](C)NC(C)=O,53.0,False
COC(=O)[C@H](C)NC(=O)[C@H](CCCCNC(=O)C1=CCCCC1)NC(=O)[C@H](C)NC(C)=O,33.0,False
COC(=O)[C@H](C)NC(=O)[C@H](CCCCNC(=O)C=C(C)C)NC(=O)[C@H](C)NC(C)=O,78.0,False
COC(=O)[C@H](C)NC(=O)[C@H](CCCCNC(=O)CBr)NC(=O)[C@H](C)NC(C)=O,48.0,False
COC(=O)[C@H](C)NC(=O)[C@H](CCCCNC(=O)CCl)NC(=O)[C@H](C)NC(C)=O,19.0,False
COC(=O)[C@H](C)NC(=O)[C@H](CCCCNC(=O)Cc1ccccn1)NC(=O)[C@H](C)NC(C)=O,26.0,False
COC(=O)[C@H](C)NC(=O)[C@H](CCCCNC(=O)Cc1cccnc1)NC(=O)[C@H](C)NC(C)=O,10.0,False
COC(=O)[C@H](C)NC(=O)[C@H](CCCCNC(=O)N(C)C)NC(=O)[C@H](C)NC(C)=O,24.0,False
COC(=O)[C@H](C)NC(=O)[C@H](CCCCNC(=O)OCc1ccccc1)NC(=O)[C@H](C)NC(C)=O,11.0,False
COC(=O)[C@H](C)NC(=O)[C@H](CCCCNC(=O)c1ccccc1)NC(=O)[C@H](C)NC(C)=O,12.0,False
COC(=O)[C@H](C)NC(=O)[C@H](CCCCNC(=O)c1ccccn1)NC(=O)[C@H](C)NC(C)=O,4.0,False
COC(=O)[C@H](C)NC(=O)[C@H](CCCCNC(=O)c1cccnc1)NC(=O)[C@H](C)NC(C)=O,9.0,False
COC(=O)[C@H](C)NC(=O)[C@H](CCCCNC(C)=O)NC(=O)[C@H](C)NC(C)=O,39.0,False
COC(=O)[C@H](C)NC(=O)[C@H](CCCCNS(=O)(=O)C(F)(F)F)NC(=O)[C@H](C)NC(C)=O,15.0,False
COC(=O)[C@H](C)NC(=O)[C@H](CCCCNS(=O)(=O)c1ccc(C)cc1)NC(=O)[C@H](C)NC(C)=O,1.0,False
COC(=O)[C@H](C)NC(=O)[C@H](CCCCNS(C)(=O)=O)NC(=O)[C@H](C)NC(C)=O,17.0,False
COC(=O)[C@H]1Cc2c([nH]c3ccccc23)[C@@H]2N(C)c3ccccc3C(=O)N12,7.8,False
CONC(=O)c1ccccc1Nc1cccc(OCCc2ccccc2)c1,6.0,False
COc1cc(/C=C2\C(=O)Nc3c2ccc(Cl)c3Cl)cc(OC)c1OC,10.0,False
COc1cc(OC)cc(Oc2ccc(C(c3ccccc3)N(C)c3ncc4c(N)nc(N)nc4n3)cc2)c1,15.0,False
COc1cc(OC)cc(Sc2ccc(C(C)N(C)c3ncc4c(N)nc(N)nc4n3)cc2)c1,15.0,False
COc1cc2c(C(=O)c3ccc(Br)cc3)c(C)oc2c2ccccc12,0.17,False
COc1cc2ccccc2c(Cc2c(-c3ccc(C)cc3)[nH][nH]c2=O)c1O,78.0,False
COc1ccc(-c2[nH][nH]c(=O)c2Cc2c(O)ccc3cc(Br)ccc23)cc1,40.0,False
COc1ccc(-c2[nH]c(=S)[nH]c(=O)c2Cc2c(O)ccc3ccccc23)cc1,6.4,False
COc1ccc(-c2n[nH]c3c2CCCC3C(N)=O)cc1,20.0,False
COc1ccc(-c2nc3c(N)ncnc3n2[C@@H]2O[C@H](COP(=O)(O)OP(=O)([O-])OC[C@H]3O[C@@H]([n+]4cccc(C(N)=O)c4)[C@H](O)[C@@H]3O)[C@@H](O)[C@H]2O)cc1,18.0,False
COc1ccc(/C=C/C(=O)NC(C)(C)C(=O)NCCc2c[nH]c3ccccc23)cc1,10.3,False
COc1ccc(/C=C2\Oc3ccccc3C2=O)c(O)c1,49.0,False
COc1ccc(/C=C2\Oc3ccccc3C2=O)cc1,32.5,False
COc1ccc(C(=O)CNC(=O)[C@H](CCCCNC(C)=S)NC(=O)OCc2ccccc2)cc1,97.0,False
COc1ccc(C(=O)NC(=S)Nc2ccc(NC(=O)CCCCN(C)C)cc2)cc1,48.5,False
COc1ccc(C(=O)NN2C3=C(C(=O)CC(C)(C)C3)C(c3ccc(OCc4ccccc4)cc3)C3=C2CC(C)(C)CC3=O)c(OC)n1,55.1,False
COc1ccc(C(=O)NN2C3=C(C(=O)CC(C)(C)C3)C(c3cccc(OCc4ccccc4)c3)C3=C2CC(C)(C)CC3=O)c(OC)n1,35.6,False
COc1ccc(C(=O)NN2C3=C(C(=O)CC(C)(C)C3)C(c3ccccc3OCc3ccccc3)C3=C2CC(C)(C)CC3=O)c(OC)n1,35.2,False
COc1ccc(C(=O)c2coc3c2cc(O)c2ccccc23)cc1,0.29,False
COc1ccc(CNCc2c(-c3nnc(SC(C)C)n3-c3ccccc3)n(C)c3ccc(F)cc23)cc1,70.0,False
COc1ccc(CNc2ccc([N+](=O)[O-])cc2N)c(OC)c1,14.1,False
COc1ccc(CNc2ccc([N+](=O)[O-])cc2[N+](=O)[O-])c(OC)c1,10.0,False
COc1ccc(COc2ccc(C(C)N(C)c3ncc4c(N)nc(N)nc4n3)cc2)cc1,15.0,False
COc1ccc(CS(=O)(=O)c2cccc(C(=O)Nc3ccc(C#N)cc3)c2)cc1,3.0,False
COc1ccc(Cc2cnc(NC(=O)/C=C/c3ccco3)s2)cc1,28.0,False
COc1ccc(Cc2cnc(NC(=O)C(C)Sc3nc(C)cc(C)n3)s2)cc1,27.0,False
COc1ccc(Cc2cnc(NC(=O)CSc3nc(C)cc(C)n3)s2)cc1,10.0,False
COc1ccc(Cn2c(-c3ccccc3)c(Cc3c(Cc4ccccc4)ccc4ccccc34)c(=O)[nH]c2=S)cc1,29.8,False
COc1ccc(Cn2c(-c3ccccc3)c(Cc3c(OC)ccc4ccccc34)c(=O)[nH]c2=S)cc1,8.8,False
COc1ccc(Cn2c(-c3ccccc3)c(Cc3ccccc3)c(=O)[nH]c2=S)cc1,32.2,False
COc1ccc(Cn2c(=O)[nH]c3cc([N+](=O)[O-])ccc32)c(OC)c1,10.0,False
COc1ccc(Cn2c(=S)[nH]c3cc([N+](=O)[O-])ccc32)c(OC)c1,14.4,False
COc1ccc(N(C)S(=O)(=O)c2cccc(C(=O)Nc3ccc(C#N)cc3)c2)cc1,8.5,False
COc1ccc(OC)c(C(=O)c2coc3cc(Br)c(O)c(Br)c23)c1,0.17,False
COc1ccc(OC)c(C(=O)c2coc3ccc(O)c(CN4CCOCC4)c23)c1,0.14,False
COc1ccc(OC)c(C(=O)c2coc3ccc(OC(C)=O)cc23)c1,0.16,False
COc1ccc(Oc2ccc(CN(C)c3ncc4c(N)nc(N)nc4n3)cc2)cc1,15.0,False
COc1ccc2[nH]cc(CCNC(=O)[C@H](CCCCNC(C)=S)NC(=O)OCc3ccccc3)c2c1,88.0,False
COc1ccc2c(Cc3c(-c4ccc(C)cc4)[nH][nH]c3=O)c(O)ccc2c1,64.0,False
COc1ccc2c(c1)cc1n2CCN2C(=O)c3cc(F)ccc3N(C)C12,20.0,False
COc1ccc2c3c(c4cc(OC)c(OC)cc4c2c1)CN1CCCC[C@@H]1C3,12.0,False
COc1ccc2c3c(c4cc(OC)c(OC)cc4c2c1)CN1CCCC[C@H]1C3,10.0,False
COc1ccc2ccccc2c1Cc1c(-c2ccccc2)n(C)c(=S)[nH]c1=O,36.2,False
COc1cccc(C(=O)NC(=S)Nc2ccc(NC(=O)CCCCN(C)C)cc2)c1,25.3,False
COc1cccc2c1O/C(=C\c1cc(Br)ccc1OCC=C(C)C)C2=O,75.3,False
COc1cccc2c1O/C(=C\c1ccccc1OCC=C(C)C)C2=O,54.3,False
CP(C)(=S)NCCCC[C@H](NC(=O)OCc1ccccc1)C(=O)Nc1ccccc1,10.0,False
CS(=O)(=O)N(Cc1cn(Cc2cc3ccccc3nc2-c2ccccc2O)nn1)c1ccccc1I,62.0,False
CSc1ccc(CSc2cccc(C(=O)Nc3ccc(C#N)cc3)c2)cc1,3.0,False
C[C@@H](NC(=O)/C=C/c1ccc(O)cc1)C(=O)NCCc1c[nH]c2ccccc12,3.2,False
C[C@@H](NC(=O)c1ccccc1/N=C/c1c(O)ccc2ccccc12)c1ccccc1,61.8,False
C[C@H](NC(=O)/C=C/c1ccc(O)cc1)C(=O)NCCc1c[nH]c2ccccc12,17.7,False
C[C@H](NC(=O)[C@@H](NC(=O)[C@H](CCC(N)=O)NC(=O)[C@@H](N)CCCCN)[C@@H](C)O)C(=O)N[C@@H](CCCNC(=N)N)C(=O)N[C@@H](CSCCCC(=O)NCC(=O)O)C(=O)N[C@@H](CO)C(=O)N[C@H](C(=O)NCC(=O)NCC(=O)N[C@@H](CCCCN)C(=O)O)[C@@H](C)O,60.0,False
C[C@H](NC(=O)[C@@H](NC(=O)[C@H](CCC(N)=O)NC(=O)[C@@H](N)CCCCN)[C@@H](C)O)C(=O)N[C@@H](CCCNC(=N)N)C(=O)N[C@@H](CSCCCC(=O)NCCC(=O)O)C(=O)N[C@@H](CO)C(=O)N[C@H](C(=O)NCC(=O)NCC(=O)N[C@@H](CCCCN)C(=O)O)[C@@H](C)O,66.0,False
C[C@H](NC(=O)[C@@H](NC(=O)[C@H](CCC(N)=O)NC(=O)[C@@H](N)CCCCN)[C@@H](C)O)C(=O)N[C@@H](CCCNC(=N)N)C(=O)N[C@@H](CSCCCC(=O)NCCCC(=O)O)C(=O)N[C@@H](CO)C(=O)N[C@H](C(=O)NCC(=O)NCC(=O)N[C@@H](CCCCN)C(=O)O)[C@@H](C)O,23.0,False
C[C@H](NC(=O)[C@@H](NC(=O)[C@H](CCC(N)=O)NC(=O)[C@@H](N)CCCCN)[C@@H](C)O)C(=O)N[C@@H](CCCNC(=N)N)C(=O)N[C@@H](CSCCCC(=O)NCc1ccc([N+](=O)[O-])cc1)C(=O)N[C@@H](CO)C(=O)N[C@H](C(=O)NCC(=O)NCC(=O)N[C@@H](CCCCN)C(=O)O)[C@@H](C)O,38.0,False
C[C@H](NC(=O)[C@@H](NC(=O)[C@H](CCC(N)=O)NC(=O)[C@@H](N)CCCCN)[C@@H](C)O)C(=O)N[C@@H](CCCNC(=N)N)C(=O)N[C@@H](CSCCCC(=O)NCc1ccccc1)C(=O)N[C@@H](CO)C(=O)N[C@H](C(=O)NCC(=O)NCC(=O)N[C@@H](CCCCN)C(=O)O)[C@@H](C)O,30.0,False
C[C@H](NC(=O)[C@@H](NC(=O)[C@H](CCC(N)=O)NC(=O)[C@@H](N)CCCCN)[C@@H](C)O)C(=O)N[C@@H](CCCNC(=N)N)C(=O)N[C@@H](CSCCCC(N)=O)C(=O)N[C@@H](CO)C(=O)N[C@H](C(=O)NCC(=O)NCC(=O)N[C@@H](CCCCN)C(=O)O)[C@@H](C)O,40.0,False
C[C@H](NC(=O)[C@H](CCCCNC(=O)CNC(=O)c1ccccc1Nc1cccc(OCCc2ccccc2)c1)NC(=O)OCc1ccccc1)C(N)=O,51.0,False
C[C@H](NC(=O)[C@H](CCCCNC(=O)Cc1ccc(/N=N/c2ccc(O)cc2)cc1)NC(=O)OCc1ccccc1)C(N)=O,14.4,False
C[C@H](NC(=O)[C@H](CCCCNC(=O)Cc1ccc(/N=N/c2ccc(OCCc3ccccc3)cc2)cc1)NC(=O)OCc1ccccc1)C(N)=O,4.15,False
C[C@H](NC(=O)[C@H](CCCCNC(=O)Cc1ccc(/N=N/c2ccc(OCc3ccccc3)cc2)cc1)NC(=O)OCc1ccccc1)C(N)=O,2.05,False
C[C@H](NC(=O)c1ccccc1/N=C/c1c(O)ccc2ccccc12)c1ccccc1,60.2,False
C[C@H](NC(=O)c1ccccc1Nc1cccc(OCCc2ccccc2)c1)C(N)=O,15.0,False
C[S+]([O-])c1ccc(NC(=O)c2cccc(SCc3ccc(Cl)cc3)c2)cc1,10.0,False
Cc1cc(C)c(/C=C2\C(=O)Nc3c2ccc(Cl)c3Cl)[nH]1,19.9,False
Cc1cc(C)cc(SCC(=O)Nc2ncc(Cc3cccc4ccccc34)s2)c1,16.0,False
Cc1cc(C)nc(SC(C)C(=O)Nc2ncc(Cc3ccc(-c4ccccc4)cc3)s2)n1,14.0,False
Cc1cc(C)nc(SC(C)C(=O)Nc2ncc(Cc3cccc4ccc(Cl)cc34)s2)n1,10.0,False
Cc1cc(C)nc(SC(C)C(=O)Nc2ncc(Cc3cccc4ccccc34)s2)n1,17.0,False
Cc1cc(C)nc(SCC(=O)N(C)c2ncc(Cc3cccc4ccccc34)s2)n1,10.0,False
Cc1cc(C)nc(SCC(=O)Nc2cccc(Nc3ccccc3C(N)=O)c2)n1,22.0,False
Cc1cc(C)nc(SCC(=O)Nc2nc(-c3ccc4ccccc4c3)cs2)n1,23.0,False
Cc1cc(C)nc(SCC(=O)Nc2ncc(C(=O)Nc3cccc4ccccc34)s2)n1,10.0,False
Cc1cc(C)nc(SCC(=O)Nc2ncc(C)s2)n1,10.0,False
Cc1cc(C)nc(SCC(=O)Nc2ncc(Cc3c(C)ccc4ccccc34)s2)n1,10.0,False
Cc1cc(C)nc(SCC(=O)Nc2ncc(Cc3ccc(-c4ccccc4)cc3)s2)n1,29.0,False
Cc1cc(C)nc(SCC(=O)Nc2ncc(Cc3ccc(C(=O)NO)cc3)s2)n1,15.0,False
Cc1cc(C)nc(SCC(=O)Nc2ncc(Cc3ccc(Cl)cc3)s2)n1,10.0,False
Cc1cc(C)nc(SCC(=O)Nc2ncc(Cc3ccc4ccccc4c3)s2)n1,10.0,False
Cc1cc(C)nc(SCC(=O)Nc2ncc(Cc3cccc(C(=O)NO)c3)s2)n1,15.0,False
Cc1cc(C)nc(SCC(=O)Nc2ncc(Cc3cccc(OCc4cn(CCCCC(=O)NCc5ccc(C(=O)NO)cc5)nn4)c3)s2)n1,15.0,False
Cc1cc(C)nc(SCC(=O)Nc2ncc(Cc3cccc(OCc4cn(CCOCCOCCOCCOCCC(=O)Nc5ccc(C(=O)NCCCCCCC(=O)NO)cc5)nn4)c3)s2)n1,15.0,False
Cc1cc(C)nc(SCC(=O)Nc2ncc(Cc3cccc(OCc4cn(CCOCCOCCOCCOCCC(=O)Nc5ccc(C(=O)NCc6ccc(C(=O)NO)cc6)cc5)nn4)c3)s2)n1,15.0,False
Cc1cc(C)nc(SCC(=O)Nc2ncc(Cc3cccc(OCc4cn(CCOCCOCCOCCOCCOCCOCCOCCOCCOCCOCCC(=O)Nc5ccc(C(=O)NCc6ccc(C(=O)NO)cc6)cc5)nn4)c3)s2)n1,15.0,False
Cc1cc(C)nc(SCC(=O)Nc2ncc(Cc3cccc(OCc4cn(Cc5ccc(C(=O)NO)cc5)nn4)c3)s2)n1,15.0,False
Cc1cc(C)nc(SCC(=O)Nc2ncc(Cc3cccc(OCc4cn(Cc5ccccc5)nn4)c3)s2)n1,15.0,True
Cc1cc(C)nc(SCC(=O)Nc2ncc(Cc3cccc4cc(Cl)ccc34)s2)n1,20.0,False
Cc1cc(C)nc(SCC(=O)Nc2ncc(Cc3cccc4ccc(Br)cc34)s2)n1,10.0,True
Cc1cc(C)nc(SCC(=O)Nc2ncc(Cc3cccc4ccc(Cl)cc34)s2)n1,29.0,False
Cc1cc(C)nc(SCC(=O)Nc2ncc(Cc3cccc4ccccc34)s2)n1,10.0,True
Cc1cc(C)nc(SCC(=O)Nc2ncc(Cc3ccccc3)s2)n1,15.0,True
Cc1cc(C)nc(SCC(=O)Nc2ncc(Cc3ccccc3C)s2)n1,14.0,False
Cc1cc(C)nc(SCC(=O)Nc2nnc(-c3ccccc3)s2)n1,10.0,False
Cc1cc(C)nc(SCC(=O)Nc2nnc(C(F)(F)F)s2)n1,12.0,False
Cc1cc(C)nc(SCC(=O)Nc2nnc(C)s2)n1,10.0,False
Cc1cc(C)nc(SCC(=O)Nc2nnc(Cc3ccc(Br)cc3)s2)n1,10.0,False
Cc1cc(C)nc(SCC(=O)Nc2nnc(Cc3ccc(Cl)cc3)s2)n1,10.0,False
Cc1cc(C)nc(SCC(=O)Nc2nnc(Cc3cccc4ccccc34)s2)n1,10.0,False
Cc1cc(C)nc(SCC(=O)Nc2nnc(Cc3ccccc3)s2)n1,10.0,False
Cc1cc(C)nc(SCC(=O)Oc2cccc(Nc3ccccc3C(N)=O)c2)n1,7.0,False
Cc1cc(C)nc(SCC(N)=O)n1,10.0,False
Cc1cc(C)nc(S[C@@H](C)C(=O)Nc2ncc(Cc3cccc4ccccc34)s2)n1,10.0,False
Cc1cc(C)nc(S[C@H](C)C(=O)Nc2ncc(Cc3cccc4ccccc34)s2)n1,10.0,False
Cc1cc(Cl)nc2ccc(O)c(Cc3c(-c4ccccc4)[nH][nH]c3=O)c12,27.0,False
Cc1cc(O)nc(SCC(=O)Nc2ncc(Cc3cccc4ccccc34)s2)n1,10.0,False
Cc1cc2occ(C(=O)c3ccc(Cl)cc3)c2cc1O,0.54,False
Cc1ccc(-c2[nH][nH]c(=O)c2Cc2c(O)c(Br)cc3ccccc23)cc1,49.0,False
Cc1ccc(-c2[nH][nH]c(=O)c2Cc2c(O)ccc3cc(-c4ccccc4)ccc23)cc1,66.0,False
Cc1ccc(-c2[nH][nH]c(=O)c2Cc2c(O)ccc3cc(Br)ccc23)cc1,62.0,False
Cc1ccc(-c2[nH][nH]c(=O)c2Cc2c(O)ccc3cc(C#N)ccc23)cc1,25.0,False
Cc1ccc(-c2[nH][nH]c(=O)c2Cc2c(O)ccc3cc(C)ccc23)cc1,39.0,False
Cc1ccc(-c2[nH][nH]c(=O)c2Cc2c(O)ccc3ccc(Br)cc23)cc1,42.0,False
Cc1ccc(-c2[nH][nH]c(=O)c2Cc2c(O)ccc3ccccc23)cc1,58.0,False
Cc1ccc(-c2[nH][nH]c(=O)c2Cc2c(O)ccc3nc(Br)ccc23)cc1,51.0,False
Cc1ccc(-c2[nH][nH]c(=O)c2Cc2c(O)ccc3nc(Cl)ccc23)cc1,45.0,False
Cc1ccc(-c2[nH][nH]c(=O)c2Cc2c(O)ccc3ncccc23)cc1,39.0,False
Cc1ccc(-c2[nH]c(=S)[nH]c(=O)c2Cc2c(O)ccc3ccccc23)cc1,79.6,False
Cc1ccc(-c2[nH]oc(=O)c2Cc2c(O)ccc3cc(Br)ccc23)cc1,5.0,False
Cc1ccc(-c2c(Cc3c(O)ccc4cc(Br)ccc34)c(=O)on2C)cc1,11.0,False
Cc1ccc(-c2c(Cc3c(O)ccc4cc(Br)ccc34)c(=O)on2Cc2ccccc2)cc1,2.0,False
Cc1ccc(-c2nc3c(N)ncnc3n2[C@@H]2O[C@H](COP(=O)(O)OP(=O)([O-])OC[C@H]3O[C@@H]([n+]4cccc(C(N)=O)c4)[C@H](O)[C@@H]3O)[C@@H](O)[C@H]2O)cc1,20.0,False
Cc1ccc(C(=O)C2Cc3c(ccc4ccccc34)OC2=O)cc1,11.3,False
Cc1ccc(C(=O)NC(=S)Nc2ccc(NC(=O)CCCCN(C)C)cc2)cc1,47.3,False
Cc1ccc(C(=O)Nc2ccc(S(=O)(=O)O)c3cc(S(=O)(=O)O)cc(S(=O)(=O)O)c23)cc1NC(=O)c1cccc(NC(=O)Nc2cccc(C(=O)Nc3cc(C(=O)Nc4ccc(S(=O)(=O)O)c5cc(S(=O)(=O)O)cc(S(=O)(=O)O)c45)ccc3C)c2)c1,79.0,True
Cc1ccc(C(=O)Nc2ccc(S(=O)(=O)O)c3ccccc23)cc1,22.0,False
Cc1ccc(C(=O)Nc2ccc(S(=O)(=O)O)c3ccccc23)cc1N,11.0,False
Cc1ccc(C(=O)Nc2ccc(S(=O)(=O)O)c3ccccc23)cc1[N+](=O)[O-],23.0,False
Cc1ccc(C(=O)Nc2cccc3cc(S(=O)(=O)O)ccc23)cc1,19.0,False
Cc1ccc(C(=O)Nc2cccc3cc(S(=O)(=O)O)ccc23)cc1N,14.0,False
Cc1ccc(C(=O)Nc2cccc3cc(S(=O)(=O)O)ccc23)cc1[N+](=O)[O-],19.0,False
Cc1ccc(C(=O)Nc2cccc3cccc(S(=O)(=O)O)c23)cc1,10.0,False
Cc1ccc(C(=O)Nc2cccc3cccc(S(=O)(=O)O)c23)cc1N,12.0,False
Cc1ccc(C(=O)Nc2cccc3cccc(S(=O)(=O)O)c23)cc1[N+](=O)[O-],26.0,False
Cc1ccc(C(=O)c2coc3c2cc(O)c2ccccc23)cc1,0.16,False
Cc1ccc(C)c(C(=O)NC(Cc2ccccc2)C(=O)N2CCN(C3=Nc4ccccc4Sc4ccccc43)CC2)c1,54.0,False
Cc1ccc(Cc2cnc(NC(=O)CSc3nc(C)cc(C)n3)s2)cc1,16.0,False
Cc1ccc(O)c(/C=C2\Oc3ccccc3C2=O)c1,48.9,False
Cc1ccc(Oc2cccc(C(=O)N[C@@H](C)c3ccccc3)c2)nn1,31.45,False
Cc1ccc([C@H]2CC=CC(=O)O2)c2ccccc12,50.0,False
Cc1cccc(-c2[nH]c(=S)[nH]c(=O)c2Cc2c(O)ccc3ccccc23)c1,83.2,False
Cc1cccc(C(=O)C2Cc3c(ccc4ccccc34)OC2=O)c1,19.1,False
Cc1cccc(C(=O)NC(=S)Nc2ccc(NC(=O)CCCCN(C)C)cc2)c1,5.2,False
Cc1cccc(Cc2cnc(NC(=O)CSc3nc(C)cc(C)n3)s2)c1,18.0,False
Cc1ccccc1-c1[nH]c(=S)[nH]c(=O)c1Cc1c(O)ccc2ccccc12,81.1,False
Cc1ccccc1C(=O)C1Cc2c(ccc3ccccc23)OC1=O,25.0,False
Cc1ccccc1C(=O)NC(=S)Nc1ccc(NC(=O)CCCCN(C)C)cc1,9.9,False
Cc1ccccc1Cc1cnc(NC(=O)CSc2ncccn2)s1,11.0,False
Cc1ccnc(SCC(=O)Nc2ncc(Cc3cccc4ccccc34)s2)n1,10.0,False
Cc1nc(SCC(=O)Nc2ncc(Cc3cccc4ccccc34)s2)nc(C)c1C,10.0,False
Cc1oc2ccc(O)cc2c1C(=O)c1ccc(Br)cc1,0.26,False
Cn1c(-c2ccccc2)c(Cc2c(O)ccc3ccccc23)c(=O)[nH]c1=S,29.4,False
Cn1c(-c2n[nH]c3c2CC(C)(C)CC3C(N)=O)cc2ccccc21,20.0,False
Cn1c(-c2n[nH]c3c2CCCC3C(N)=O)cc2cc(Cl)ccc21,31.0,False
Cn1c2c(Cl)c(Cl)ccc2c2cc[nH]c(=O)c21,10.0,False
Cn1cc(-c2n[nH]c3c2CCCC3C(N)=O)c2ccccc21,20.0,False
Cn1cccc1-c1[nH]c(=S)[nH]c(=O)c1Cc1c(O)ccc2ccccc12,81.3,False
Cn1cccc1C(=O)C1Cc2c(ccc3ccccc23)OC1=O,37.3,False
N#C/C(=C\c1ccc(-c2ccc(Cl)cc2Cl)o1)C(=O)Nc1cccc2ncccc12,6.8,False
N#Cc1ccc(NC(=O)c2cccc(SCc3ccc(Cl)cc3)c2)cc1,8.0,False
N#Cc1ccc(NC(=O)c2cccc([S+]([O-])Cc3ccc(Cl)cc3)c2)cc1,12.0,False
N#Cc1ccc2c(c1)CCc1cc(C#N)ccc1N2,25.0,False
N#Cc1ccc2c(c1)CCc1cc(C(N)=O)ccc1N2,25.0,False
N#Cc1ccc2c(c1)CCc1cc([N+](=O)[O-])ccc1N2,25.0,False
N#Cc1ccc2c(c1)CCc1ccccc1N2,25.0,False
N#Cc1ccccc1/N=C/c1c(O)ccc2ccccc12,20.0,False
NC(=O)C1=CN(c2ccccc2)C=C(C(N)=O)C1c1ccccc1,89.1,False
NC(=O)C1CC(c2ccccc2)Cc2c(-c3ccc(Cl)cc3)n[nH]c21,59.0,False
NC(=O)C1CC2(Cc3c(-c4ccc(Cl)cc4)n[nH]c31)OCCO2,20.0,False
NC(=O)C1CCCCCc2c(-c3ccc(Cl)cc3)n[nH]c21,28.0,False
NC(=O)C1CCCc2c(-c3cc4cc(Br)ccc4s3)n[nH]c21,38.0,False
NC(=O)C1CCCc2c(-c3cc4ccccc4[nH]3)n[nH]c21,46.0,False
NC(=O)C1CCCc2c(-c3ccc(C(F)(F)F)cc3)n[nH]c21,20.0,False
NC(=O)C1CCCc2c(-c3ccc(Cl)cc3Cl)n[nH]c21,24.0,False
NC(=O)C1CCCc2c(-c3ccc(F)cc3)n[nH]c21,42.0,False
NC(=O)C1CCCc2c(-c3cccc(Cl)c3)n[nH]c21,27.0,False
NC(=O)C1CCCc2c(-c3ccccc3)n[nH]c21,44.0,False
NC(=O)C1CCCc2c(-c3ccccc3Cl)n[nH]c21,20.0,False
NC(=O)C1CCCc2c(-c3cccs3)n[nH]c21,47.0,False
NC(=O)C1CCCc2c(-c3csc4ccccc34)n[nH]c21,48.0,False
NC(=O)C1CCCc2c1[nH]c1ccc(Cl)cc21,97.56,False
NC(=O)C1Cc2ccccc2Cc2c(-c3ccc(Cl)cc3)n[nH]c21,42.0,False
NC(=O)CNC(=O)c1ccccc1Nc1cccc(OCCc2ccccc2)c1,10.0,False
NC(=O)Cc1ccccc1Nc1cccc(OCCc2ccccc2)c1,19.0,False
NC(=O)N1c2ccccc2CCc2ccccc21,25.0,False
NC(=O)c1cc(/N=N/c2ccc(C(=O)NCCC(=O)O)cc2)ccc1O,27.0,False
NC(=O)c1ccc(NC(=O)c2ccc(Oc3ccccc3)cc2)cc1,46.04,False
NC(=O)c1ccc(Nc2ccc3ccccc3c2)cc1,10.0,False
NC(=O)c1ccc(Nc2ccc3ccccc3c2)nc1,10.0,False
NC(=O)c1ccc(Nc2cccc3ccccc23)cc1,10.0,False
NC(=O)c1ccc(Nc2cccc3ccccc23)nc1,19.0,False
NC(=O)c1ccc(Oc2ccc3ccccc3c2)cc1,10.0,False
NC(=O)c1ccc(Oc2ccc3ccccc3c2)nc1,31.0,False
NC(=O)c1ccc(Oc2cccc3ccccc23)cc1,10.0,False
NC(=O)c1ccc(Oc2cccc3ccccc23)nc1,10.0,False
NC(=O)c1ccc(Sc2ccc3ccccc3c2)cc1,20.0,False
NC(=O)c1ccc(Sc2ccc3ccccc3c2)nc1,31.0,False
NC(=O)c1ccc(Sc2cccc3ccccc23)cc1,10.0,False
NC(=O)c1ccc(Sc2cccc3ccccc23)nc1,40.0,False
NC(=O)c1ccc2c(c1)CCc1cc(C(N)=O)ccc1N2,25.0,False
NC(=O)c1ccc2c(c1)CCc1cc(Cl)ccc1N2,25.0,False
NC(=O)c1ccc2c(c1)CCc1cc(N)ccc1N2,25.0,False
NC(=O)c1ccc2c(c1)CCc1cc([N+](=O)[O-])ccc1N2,6.0,False
NC(=O)c1ccc2c(c1)CCc1cccc(CO)c1N2,25.0,False
NC(=O)c1ccc2c(c1)CCc1cccc([N+](=O)[O-])c1N2,25.0,False
NC(=O)c1ccc2c(c1)CCc1ccccc1N2,25.0,False
NC(=O)c1ccc[n+](CC(=O)Nc2ncc(Cc3cccc4ccccc34)s2)c1,39.0,False
NC(=O)c1ccc[n+]([C@@H]2O[C@H](COP(=O)(O)OP(=O)(O)OC[C@H]3O[C@@H](n4cnc5c(N)ncnc54)[C@H](O)[C@@H]3O)[C@@H](O)[C@H]2N)c1,41.5,False
NC(=O)c1ccc[n+]([C@@H]2O[C@H](COP(=O)([O-])OP(=O)(O)OC[C@H]3O[C@@H](n4c(-c5ccc(Cl)cc5)nc5c(N)ncnc54)[C@H](O)[C@@H]3O)[C@@H](O)[C@H]2O)c1,30.0,False
NC(=O)c1ccc[n+]([C@@H]2O[C@H](COP(=O)([O-])OP(=O)(O)OC[C@H]3O[C@@H](n4c(-c5ccccc5)nc5c(N)ncnc54)[C@H](O)[C@@H]3O)[C@@H](O)[C@H]2O)c1,17.0,False
NC(=O)c1ccc[n+]([C@@H]2O[C@H](COP(=O)([O-])OP(=O)(O)OC[C@H]3O[C@@H](n4c(-c5ccco5)nc5c(N)ncnc54)[C@H](O)[C@@H]3O)[C@@H](O)[C@H]2O)c1,16.0,False
NC(=O)c1ccc[n+]([C@@H]2O[C@H](COP(=O)([O-])OP(=O)(O)OC[C@H]3O[C@@H](n4c(Br)nc5c(N)ncnc54)[C@H](O)[C@@H]3O)[C@@H](O)[C@H]2O)c1,31.0,False
NC(=O)c1ccc[n+]([C@H]2O[C@H](COP(=O)(O)OP(=O)(O)OC[C@H]3O[C@@H](n4cnc5c(N)ncnc54)[C@H](O)[C@@H]3O)[C@@H](O)[C@H]2N)c1,38.0,False
NC(=O)c1cccc(Nc2ccc3ccccc3c2)c1,10.0,False
NC(=O)c1cccc(Nc2cccc3ccccc23)c1,10.0,False
NC(=O)c1cccc(Oc2ccc3ccccc3c2)c1,47.0,False
NC(=O)c1cccc(Oc2cccc3ccccc23)c1,35.0,False
NC(=O)c1cccc2c1Nc1ccccc1CC2,25.0,False
NC(=O)c1ccccc1Nc1ccc(OCc2ccccc2)cc1,13.0,False
NC(=O)c1ccccc1Nc1cccc(OCCc2ccc3ccccc3c2)c1,7.0,False
NC(=O)c1ccccc1Nc1cccc(OCCc2ccccc2)c1,14.5,True
NC(=O)c1cccnc1,21.0,True
NCCCn1c(=S)[nH]c2cc([N+](=O)[O-])ccc21,10.0,False
NCc1cc2ccccc2nc1-c1ccccc1O,59.0,False
NS(=O)(=O)c1cc(C(=O)O)cc([N+](=O)[O-])c1NCc1cc2ccccc2nc1-c1ccccc1O,61.0,False
Nc1cc(N)nc(SCC(=O)Nc2ncc(Cc3cccc4ccccc34)s2)n1,10.0,False
Nc1cccc(C(=O)Nc2ccc(S(=O)(=O)O)c3ccccc23)c1,10.0,False
Nc1cccc(C(=O)Nc2cccc3cc(S(=O)(=O)O)ccc23)c1,10.0,False
Nc1cccc(C(=O)Nc2cccc3cccc(S(=O)(=O)O)c23)c1,12.0,False
Nc1ccccc1SCC(=O)Nc1ncc(Cc2cccc3ccccc23)s1,10.0,False
Nc1ncnc2c1nc(-c1ccccc1)n2[C@@H]1O[C@H](CO)[C@@H](O)[C@H]1O,10.0,False
Nc1ncnc2c1nc(Br)n2[C@@H]1O[C@H](CO)[C@@H](O)[C@H]1O,10.0,True
Nc1ncnc2c1nc(Br)n2[C@@H]1O[C@H](COP(=O)(O)O)[C@@H](O)[C@H]1O,10.0,True
O=C(/C=C/c1cc(Br)c(O)c(Br)c1)/C=C/c1cc(Br)c(O)c(Br)c1,61.0,False
O=C(/C=C/c1cc(Br)c(O)c(Br)c1)CC(=O)/C=C/c1cc(Br)c(O)c(Br)c1,52.0,False
O=C(/C=C/c1cc(Br)c(O)c(Br)c1)c1cc(Br)c(O)c(Br)c1,35.0,False
O=C(/C=C/c1cc(Br)c(O)c(Br)c1)c1ccc(C(=O)/C=C/c2cc(Br)c(O)c(Br)c2)cc1,45.0,False
O=C(/C=C/c1cc(Br)c(O)c(Br)c1)c1cccc(C(=O)/C=C/c2cc(Br)c(O)c(Br)c2)c1,73.0,False
O=C(/C=C/c1ccc(O)c(Br)c1)/C=C/c1cc(Br)c(O)c(Br)c1,60.0,False
O=C(/C=C/c1ccc(O)c(Br)c1)c1cc(Br)c(O)c(Br)c1,35.0,False
O=C(/C=C/c1ccc(O)cc1)NCC(=O)NCCc1c[nH]c2ccccc12,9.9,False
O=C(/C=C/c1ccc(OCc2ccc(F)cc2)cc1)NC1(C(=O)NCCc2c[nH]c3ccc(F)cc23)CCNCC1,94.1,False
O=C(/C=C/c1ccc(OCc2ccccc2)cc1)NC1(C(=O)NCCc2c[nH]c3ccccc23)CCNCC1,97.0,False
O=C(/C=C/c1ccccc1)Nc1ccc2oc(-c3ccccc3Cl)nc2c1,27.0,False
O=C(CCc1ccccc1)C1Cc2c(ccc3ccccc23)OC1=O,24.6,False
O=C(CNC(=O)c1ccccc1Nc1cccc(OCCc2ccccc2)c1)NCCCC[C@@H]1NC(=O)CNC1=O,11.0,False
O=C(CNC(=O)c1nc(-c2ccccc2)no1)Nc1ccccc1,28.0,False
O=C(CSc1ccc(Cl)cc1)Nc1ncc(Cc2cccc3ccccc23)s1,10.0,False
O=C(CSc1cccc(O)c1)Nc1ncc(Cc2cccc3ccccc23)s1,10.0,False
O=C(CSc1nc(-c2ccccc2)cc(-c2ccccc2)n1)Nc1ncc(Cc2ccc(Cl)cc2)s1,11.0,False
O=C(CSc1ncccn1)Nc1ncc(Cc2cccc3ccccc23)s1,17.0,False
O=C(CSc1ncccn1)Nc1ncc(Cc2ccccc2)s1,12.0,False
O=C(CSc1nnc(-c2ccccc2)c(-c2ccccc2)n1)Nc1nnc(Cc2ccccc2)s1,10.0,False
O=C(Cc1ccccc1)C1Cc2c(ccc3ccccc23)OC1=O,11.3,False
O=C(Cc1ccccc1)Nc1ccc2oc(-c3cc(Cl)ccc3Cl)nc2c1,33.0,False
O=C(Cc1ccccc1)Nc1ccc2oc(-c3ccc(Cl)cc3Cl)nc2c1,27.0,False
O=C(Cc1ccccc1)Nc1ccc2oc(-c3cccc(Cl)c3Cl)nc2c1,19.0,False
O=C(Cc1ccccc1)Nc1ccc2oc(-c3ccccc3Cl)nc2c1,17.0,False
O=C(NC(Cc1ccccc1)C(=O)N1CCN(C2=Nc3ccccc3Sc3ccccc32)CC1)c1ccc(OC(F)F)cc1,71.0,False
O=C(NC(Cc1ccccc1)C(=O)N1CCN(C2=Nc3ccccc3Sc3ccccc32)CC1)c1ccoc1,51.0,False
O=C(NC(Cc1ccccc1)C(=O)N1CCN(C2=Nc3ccccc3Sc3ccccc32)CC1)c1cnccn1,62.0,False
O=C(NC1CCC1)[C@H](Cc1c[nH]c2ccccc12)NC(=O)[C@H](CCCCNC(=S)NCCc1noc(=O)[nH]1)NS(=O)(=O)c1cccc(F)c1,37.0,False
O=C(NC1CCCCC1)c1ccccc1Nc1cccc(OCCc2ccccc2)c1,15.0,False
O=C(NC1CCN(Cc2ccccc2)CC1)c1ccccc1Nc1cccc(OCCc2ccccc2)c1,8.0,False
O=C(NCCO)c1ccccc1Nc1cccc(OCCc2ccccc2)c1,12.0,False
O=C(NCCc1c[nH]c2ccccc12)c1ccc(F)cc1,28.4,False
O=C(NCCc1c[nH]c2ccccc12)c1ccccc1O,41.7,False
O=C(NCCc1ccccc1)c1ccccc1Nc1cccc(OCCc2ccccc2)c1,5.0,False
O=C(NCc1ccccc1)c1ccccc1Nc1cccc(OCCc2ccccc2)c1,12.0,False
O=C(NNC(=O)c1nc(-c2cccc3ccccc23)no1)Nc1cccc(C(F)(F)F)c1,12.0,False
O=C(NNC(=S)Nc1ccc(C(F)(F)F)cc1)c1nc(-c2cccc3ccccc23)no1,54.0,False
O=C(NNC(=S)Nc1ccc(C(F)(F)F)cc1)c1nc(-c2ccccc2)no1,29.0,False
O=C(NNC(=S)Nc1ccc(C(F)(F)F)cc1)c1nc(-c2cccnc2)no1,4.0,False
O=C(NNC(=S)Nc1ccc(F)cc1)c1nc(-c2cccc3ccccc23)no1,10.0,False
O=C(NNC(=S)Nc1cccc(C(F)(F)F)c1)c1nc(-c2cccc3ccccc23)no1,57.0,False
O=C(NO)c1ccccc1Nc1cccc(OCCc2ccccc2)c1,13.0,False
O=C(NOC1CCCCO1)c1ccccc1Nc1cccc(OCCc2ccccc2)c1,8.0,False
O=C(Nc1cc(Br)c(O)c(Br)c1)c1cccc(C(=O)Nc2cc(Br)c(O)c(Br)c2)c1,13.0,False
O=C(Nc1ccc(S(=O)(=O)O)c2ccccc12)c1cccc([N+](=O)[O-])c1,10.0,False
O=C(Nc1ccc(S(=O)(=O)O)c2ccccc12)c1ccccc1,10.0,False
O=C(Nc1ccc2ccccc2c1)c1cccc(Oc2ncccn2)c1,36.08,False
O=C(Nc1cccc(Br)c1)c1cccc(S(=O)(=O)N2CCCCCC2)c1,25.0,False
O=C(Nc1cccc(NC(=O)c2cc(Br)c(O)c(Br)c2)c1)c1cc(Br)c(O)c(Br)c1,2.0,False
O=C(Nc1cccc([N+](=O)[O-])c1)c1cccc(S(=O)(=O)N2CCCCCC2)c1,10.0,False
O=C(Nc1cccc2cc(S(=O)(=O)O)ccc12)c1cccc([N+](=O)[O-])c1,13.0,False
O=C(Nc1cccc2cc(S(=O)(=O)O)ccc12)c1ccccc1,10.0,False
O=C(Nc1cccc2cccc(S(=O)(=O)O)c12)c1cccc([N+](=O)[O-])c1,10.0,False
O=C(Nc1cccc2cccc(S(=O)(=O)O)c12)c1ccccc1,17.0,False
O=C(Nc1ccccc1)c1ccccc1Nc1cccc(OCCc2ccccc2)c1,9.0,False
O=C(O)C1=CN(c2ccccc2)C=C(C(=O)O)C1c1ccccc1,86.6,False
O=C(O)CCNC(=O)c1ccc(-c2cc(-c3ccc(O)c(C(=O)O)c3)n[nH]2)cc1,10.0,False
O=C(O)CCNC(=O)c1ccc(-c2cc(-c3ccc(O)c(C(=O)O)c3)no2)cc1,10.0,False
O=C(O)CCNC(=O)c1ccc(-c2cn(-c3ccc(O)c(C(=O)O)c3)nn2)cc1,10.0,False
O=C(O)CCNC(=O)c1ccc(/N=N/c2ccc(F)c(C(=O)O)c2)cc1,10.0,False
O=C(O)CCNC(=O)c1ccc(/N=N/c2ccc(O)c(C(=O)O)c2)cc1,10.0,False
O=C(O)CCNC(=O)c1ccc(/N=N/c2ccc(O)cc2)cc1,10.0,False
O=C(O)CCNC(=O)c1ccc(/N=N/c2cccc(C(=O)O)c2)cc1,10.0,False
O=C(O)CCNC(=O)c1ccc(/N=N/c2ccccc2)cc1,10.0,False
O=C(O)CCNC(=O)c1ccc(NS(=O)(=O)c2ccc(O)c(C(=O)O)c2)cc1,10.0,False
O=C(O)CCNC(=O)c1ccc(S(=O)(=O)Nc2ccc(O)c(C(=O)O)c2)cc1,10.0,False
O=C(O)CCNC(=O)c1ccc2c(c1)CCN(c1ccc(O)c(C(=O)O)c1)C2,14.0,False
O=C(O)CCNCc1ccc(/N=N/c2ccc(O)c(C(=O)O)c2)cc1,10.0,False
O=C(O)CNC(=O)CCCSC[C@H](NC(=O)OCc1ccccc1)C(=O)Nc1ccccc1,26.0,False
O=C(O)CNC(=O)c1ccccc1Nc1cccc(OCCc2ccccc2)c1,8.0,False
O=C(O)c1ccc2c(c1)nc(-c1ccc(N3CCCCC3)cc1)n2CCO,24.0,False
O=C(O)c1ccc2c(c1)nc(-c1ccc3c(c1)OCO3)n2CCO,13.97,False
O=C(O)c1ccccc1/N=C/c1c(O)ccc2ccccc12,26.0,False
O=C(O)c1ccccc1Nc1cccc(OCCc2ccccc2)c1,2.5,False
O=C(c1ccc(Br)cc1)c1cc2c(ccc3ccccc32)oc1=O,20.1,False
O=C(c1ccc(Br)cc1)c1coc2c1cc(O)c1ccccc12,0.36,False
O=C(c1ccc(Br)cc1)c1coc2ccc(O)cc12,0.28,False
O=C(c1ccc(C(F)(F)F)cc1)c1cc2c(ccc3ccccc32)oc1=O,20.0,False
O=C(c1ccc(Cl)cc1)c1cc2c(ccc3ccccc32)oc1=O,6.0,False
O=C(c1ccc(I)cc1)c1cc2c(ccc3ccccc32)oc1=O,32.0,False
O=C(c1ccc(OCc2ccccc2)cc1)c1coc2cc(Br)c(O)c(Br)c12,0.23,False
O=C(c1ccc(Oc2ccccc2)cc1)N1CCc2ccccc2C1,21.5,False
O=C(c1cccc(Br)c1)c1cc2c(ccc3ccccc32)oc1=O,3.7,False
O=C(c1cccc(C(F)(F)F)c1)c1cc2c(ccc3ccccc32)oc1=O,32.0,False
O=C(c1cccc(Cl)c1)c1cc2c(ccc3ccccc32)oc1=O,3.7,False
O=C(c1cccc(I)c1)c1cc2c(ccc3ccccc32)oc1=O,17.0,False
O=C(c1cccc(Oc2ccccc2)c1)N1CCc2ccccc2C1,56.53,False
O=C(c1ccccc1)c1coc2c1cc(O)c1ccccc12,0.25,False
O=C(c1ccccc1)c1coc2cc(Br)c(O)c(Br)c12,0.3,False
O=C(c1ccccc1)c1coc2ccc(O)c(CN3CCOCC3)c12,0.19,False
O=C(c1ccccc1Br)c1cc2c(ccc3ccccc32)oc1=O,38.0,False
O=C(c1ccccc1C(F)(F)F)c1cc2c(ccc3ccccc32)oc1=O,21.0,False
O=C(c1ccccc1Cl)c1cc2c(ccc3ccccc32)oc1=O,3.0,False
O=C(c1ccccc1F)c1cc2c(ccc3ccccc32)oc1=O,3.3,False
O=C(c1ccccc1Nc1cccc(OCCc2ccccc2)c1)N1CCOCC1,4.0,False
O=C(c1ccccc1[N+](=O)[O-])c1cc2c(ccc3ccccc32)oc1=O,26.0,False
O=C(c1ccco1)c1cc2c(ccc3ccccc32)oc1=O,26.0,False
O=C1/C(=C/c2cc(Br)c(O)c(Br)c2)CCC/C1=C\c1cc(Br)c(O)c(Br)c1,50.0,False
O=C1/C(=C/c2cc(Br)c(O)c(Br)c2)COC/C1=C\c1cc(Br)c(O)c(Br)c1,62.0,False
O=C1/C(=C/c2cc(Br)c(O)c(Br)c2)CSC/C1=C\c1cc(Br)c(O)c(Br)c1,54.0,False
O=C1/C(=C/c2cc(Br)ccc2O)Oc2ccccc21,98.5,False
O=C1/C(=C/c2ccc(Br)cc2)Oc2ccccc21,71.0,False
O=C1/C(=C/c2ccc(F)cc2)Oc2ccccc21,50.5,False
O=C1C=CCC(c2cc3c(c4ccccc24)CCCC3)O1,41.0,False
O=C1CC(CCc2ccccc2)Oc2c(Br)cc(Cl)cc21,10.0,False
O=C1CNC(=O)[C@H](CCCCNC(=S)CNC(=O)c2ccccc2Nc2cccc(OCCc3ccccc3)c2)N1,41.0,False
O=C1Cc2c([nH]c3ccccc23)-c2ccccc2N1,49.4,False
O=C1NC(=O)C(c2c[nH]c3cccc(F)c23)=C1c1cn(CCOC(CCO)C(O)CO)c2ccccc12,29.9,False
O=C1NC(=O)C(c2c[nH]c3cccc(F)c23)=C1c1cn(CCOC(CCO)C2COC3(CCCCC3)O2)c2ccccc12,71.9,False
O=C1NC(=O)C(c2c[nH]c3ccccc23)=C1c1c[nH]c2ccccc12,52.7,False
O=C1NC(=O)C(c2cn(CCOC(CCO)C3COC4(CCCCC4)O3)c3ccccc23)=C1c1c[nH]c2ccccc12,77.5,False
O=C1NC(=O)C2=C1c1cn(c3ccccc13)CC[C@@H](C1COC3(CCCCC3)O1)OCCn1cc2c2c(F)cccc21,55.7,False
O=C1Nc2c(ccc(Cl)c2Cl)/C1=C/c1cc(C(F)(F)F)cc(C(F)(F)F)c1,19.8,False
O=C1Nc2c(ccc(Cl)c2Cl)/C1=C/c1ccc(C(F)(F)F)cc1,45.4,False
O=C1Nc2c(ccc(Cl)c2Cl)/C1=C/c1ccc(F)cc1,24.4,False
O=C1Nc2c(ccc(Cl)c2Cl)/C1=C/c1ccc(O)cc1,10.0,False
O=C1Nc2c(ccc(Cl)c2Cl)/C1=C/c1ccc([N+](=O)[O-])cc1,30.2,False
O=C1Nc2c(ccc(Cl)c2Cl)/C1=C\c1ccccn1,22.7,False
O=C1Nc2c(ccc(Cl)c2Cl)/C1=C\c1ccncc1,19.6,False
O=C1OC2(c3ccccc31)c1cc(Br)c(O)c(Br)c1Oc1c2cc(Br)c(O)c1Br,33.0,False
O=C1Oc2ccc3ccccc3c2CC1C(=O)c1cc2ccccc2o1,30.4,False
O=C1Oc2ccc3ccccc3c2CC1C(=O)c1cc2ccccc2s1,35.1,False
O=C1Oc2ccc3ccccc3c2CC1C(=O)c1ccc(-c2ccccc2)cc1,8.9,False
O=C1Oc2ccc3ccccc3c2CC1C(=O)c1ccc(Br)cc1,22.2,False
O=C1Oc2ccc3ccccc3c2CC1C(=O)c1ccc(C(F)(F)F)cc1,9.2,False
O=C1Oc2ccc3ccccc3c2CC1C(=O)c1ccc(Cl)cc1,22.05,False
O=C1Oc2ccc3ccccc3c2CC1C(=O)c1ccc(F)cc1,12.3,False
O=C1Oc2ccc3ccccc3c2CC1C(=O)c1ccc(I)cc1,13.7,False
O=C1Oc2ccc3ccccc3c2CC1C(=O)c1ccc2ccccc2c1,5.2,False
O=C1Oc2ccc3ccccc3c2CC1C(=O)c1cccc(Br)c1,47.3,False
O=C1Oc2ccc3ccccc3c2CC1C(=O)c1cccc(Cl)c1,22.7,False
O=C1Oc2ccc3ccccc3c2CC1C(=O)c1cccc(I)c1,7.3,False
O=C1Oc2ccc3ccccc3c2CC1C(=O)c1cccc2ccccc12,25.4,False
O=C1Oc2ccc3ccccc3c2CC1C(=O)c1ccccc1,32.1,False
O=C1Oc2ccc3ccccc3c2CC1C(=O)c1ccccc1Cl,28.3,False
O=C1Oc2ccc3ccccc3c2CC1C(=O)c1ccco1,28.9,False
O=C1Oc2ccc3ccccc3c2CC1C(=O)c1cccs1,33.2,False
O=C1Oc2ccc3ccccc3c2CC1C(=O)c1ccncc1,69.3,False
O=C1Oc2ccc3ccccc3c2CC1C(=O)c1ccoc1,18.0,False
O=C1Oc2ccc3ccccc3c2CC1C(=O)c1ccsc1,19.1,False
O=C1c2ccc(Br)cc2S(=O)(=O)N1CCc1ccc(O)cc1,5.2,False
O=C1c2ccc(Br)cc2S(=O)(=O)N1CCc1ccccc1,3.8,False
O=C1c2ccccc2S(=O)(=O)N1CCCc1cccnc1,17.0,False
O=C1c2ccccc2S(=O)(=O)N1CCc1ccccc1,14.0,False
O=S1(=O)NC(CCc2cccc(Br)c2)Nc2c(Br)cc(Br)cc21,9.7,False
O=S1(=O)NC(CCc2ccccc2)Nc2c(Br)cc(Br)cc21,4.6,False
O=[N+]([O-])c1cc(C(F)(F)F)ccc1Nc1ccc2c(c1)OCO2,18.8,False
O=[N+]([O-])c1ccc2c(c1)CCc1ccccc1N2,25.0,False
O=[N+]([O-])c1ccc2c(c1)Nc1ccccc1CC2,25.0,False
O=c1[nH][nH]c(-c2ccc(Br)cc2)c1Cc1c(O)ccc2ccccc12,36.0,False
O=c1[nH][nH]c(-c2ccc(C(F)(F)F)cc2)c1Cc1c(O)ccc2ccccc12,48.0,False
O=c1[nH][nH]c(-c2ccc(F)cc2)c1Cc1c(O)ccc2ccccc12,24.0,False
O=c1[nH][nH]c(-c2cccc(Br)c2)c1Cc1c(O)ccc2ccccc12,8.0,False
O=c1[nH][nH]c(-c2ccccc2)c1Cc1c(O)ccc2cc(Br)ccc12,59.0,False
O=c1[nH][nH]c(-c2ccccc2)c1Cc1c(O)ccc2ccccc12,48.0,False
O=c1[nH]c(-c2ccccc2)c(Cc2c(O)ccc3ccccc23)c(=O)[nH]1,15.5,False
O=c1[nH]c(=S)[nH]c(-c2cc3ccccc3s2)c1Cc1c(O)ccc2ccccc12,82.1,False
O=c1[nH]c(=S)[nH]c(-c2ccc(-c3ccccc3)cc2)c1Cc1c(O)ccc2ccccc12,81.9,False
O=c1[nH]c(=S)[nH]c(-c2ccc(Br)cc2)c1Cc1c(O)ccc2ccccc12,82.3,False
O=c1[nH]c(=S)[nH]c(-c2ccc(C(F)(F)F)cc2)c1Cc1c(O)ccc2ccccc12,15.1,False
O=c1[nH]c(=S)[nH]c(-c2ccc(Cl)cc2)c1Cc1c(O)ccc2ccccc12,46.8,False
O=c1[nH]c(=S)[nH]c(-c2ccc(I)cc2)c1Cc1c(O)ccc2ccccc12,7.7,False
O=c1[nH]c(=S)[nH]c(-c2ccc3ccccc3c2)c1Cc1c(O)ccc2ccccc12,83.0,False
O=c1[nH]c(=S)[nH]c(-c2cccc(Br)c2)c1Cc1c(O)ccc2ccccc12,4.8,False
O=c1[nH]c(=S)[nH]c(-c2cccc(Cl)c2)c1Cc1c(O)ccc2ccccc12,46.95,False
O=c1[nH]c(=S)[nH]c(-c2cccc(F)c2)c1Cc1c(O)ccc2ccccc12,87.8,False
O=c1[nH]c(=S)[nH]c(-c2cccc3ccccc23)c1Cc1c(O)ccc2ccccc12,81.7,False
O=c1[nH]c(=S)[nH]c(-c2ccccc2)c1Cc1c(O)ccc2ccccc12,56.75,False
O=c1[nH]c(=S)[nH]c(-c2ccccc2)c1Cc1cc(-c2ccccc2)ccc1O,37.8,False
O=c1[nH]c(=S)[nH]c(-c2ccccc2Br)c1Cc1c(O)ccc2ccccc12,19.7,False
O=c1[nH]c(=S)[nH]c(-c2ccccc2Cl)c1Cc1c(O)ccc2ccccc12,82.3,False
O=c1[nH]c(=S)[nH]c(-c2ccccc2F)c1Cc1c(O)ccc2ccccc12,89.0,False
O=c1[nH]c(=S)[nH]c(-c2ccco2)c1Cc1c(O)ccc2ccccc12,82.3,False
O=c1[nH]c(=S)[nH]c(-c2cccs2)c1Cc1c(O)ccc2ccccc12,77.8,False
O=c1[nH]c(=S)[nH]c(-c2ccoc2)c1Cc1c(O)ccc2ccccc12,78.2,False
O=c1[nH]c(=S)[nH]c(-c2ccsc2)c1Cc1c(O)ccc2ccccc12,77.3,False
O=c1[nH]c(=S)[nH]c(CCc2ccccc2)c1Cc1c(O)ccc2ccccc12,83.0,False
O=c1[nH]c(=S)[nH]c(Cc2ccccc2)c1Cc1c(O)ccc2ccccc12,82.4,False
O=c1[nH]c(=S)n(Cc2ccccc2)c(-c2ccccc2)c1Cc1c(Cc2ccccc2)ccc2ccccc12,25.4,False
O=c1[nH]c(=S)n(Cc2ccccc2)c(-c2ccccc2)c1Cc1c(O)ccc2ccccc12,10.8,False
O=c1[nH]c(=S)n(Cc2ccccc2)c(-c2ccccc2)c1Cc1ccccc1,23.0,False
O=c1[nH]c2cc(C(F)(F)F)ccc2n1-c1ccc2c(c1)OCO2,10.0,False
O=c1[nH]c2cc([N+](=O)[O-])c3ccccc3c2[nH]1,10.0,False
O=c1[nH]c2cc([N+](=O)[O-])ccc2n1C1CCCCC1,10.0,False
O=c1[nH]c2ccc(Cl)nc2[nH]1,10.0,False
O=c1[nH]c2ccc3ccccc3c2[nH]1,10.6,False
O=c1cc(-c2ccccc2)n(Cc2ccccc2)c(=S)[nH]1,1.8,False
O=c1cc(Cc2ccccc2)[nH]c2c(Br)cc(Cl)cc12,7.6,False
O=c1ccc2cc(CCC3Nc4c(Br)cc(Br)cc4S(=O)(=O)N3)ccc2[nH]1,25.0,False
O=c1nc2oc3ccc4ccccc4c3cc-2c(=O)n1-c1ccccc1,86.5,False
O=c1oc2ccccc2c2nc3c(F)c(F)ccc3cc12,48.0,False
OCc1cc2cc(F)c(F)cc2nc1-c1ccccc1O,48.0,False
OCc1ccc2c(c1)CCc1cc(CO)ccc1N2,25.0,False
OCc1ccc2c(c1)CCc1cccc(CO)c1N2,25.0,False
ON=C(c1cccc(Oc2ccccc2)c1)N1CCc2ccccc2C1,47.16,False
Oc1nc(-c2ccc(F)cc2)nc2ccccc12,48.0,False
[N-]=[N+]=NCc1cc2ccccc2nc1-c1ccccc1O,53.0,False
c1ccc(-c2nn3c(-c4ccco4)nnc3s2)nc1,87.0,False
c1ccc2c(c1)CCc1ccccc1N2,25.0,False
