smiles,IC50(uM),leaked
C#CCN1CC(C(N)=O)Oc2ccccc21,60.0,False
C#CCOc1cccc(Cc2cnc(NC(=O)CSc3nc(C)cc(C)n3)s2)c1,100.0,False
C#Cc1ccc(C(=O)Nc2cccc(COc3cncc(C(N)=O)c3)c2)cc1,3.01,False
C=CCN1C(=O)/C(=C/c2ccc(-c3cccc(Cl)c3Cl)o2)C(=O)NC1=S,5.15,False
C=CCN1C(=O)/C(=C/c2ccc(OCc3ccccc3)cc2)C(=O)NC1=S,36.8,False
C=CCOc1ccc(-c2nn3c(-c4ccco4)nnc3s2)cc1,29.5,False
C=CCOc1cccc(-c2nn3c(-c4ccco4)nnc3s2)c1,18.8,False
C=CCn1c(=O)nc2oc3ccc4ccccc4c3cc-2c1=O,6.6,False
CC(=O)N1CC(C(N)=O)Oc2ccccc21,60.0,False
CC(=O)N1CCC[C@H]1C(=O)N[C@@H](CCCCNC(C)=S)C(=O)N[C@@H](C)C(=O)O,0.37,False
CC(=O)N1CCc2c([nH]c3ccc(Cl)cc23)C1C(N)=O,79.9,False
CC(=O)NCC1CCN(c2ncnc3cc(C(N)=O)sc23)CC1,16.0,False
CC(=O)NCCC1CCN(c2ncnc3cc(C(N)=O)sc23)CC1,0.11,False
CC(=O)NCCCC[C@H](NC(=O)[C@H](C)NC(C)=O)C(=O)N[C@@H](C)C(=O)O,122.0,False
CC(=O)NCCCC[C@H](NC(=O)[C@H](CCCCCC(N)=O)NC(=O)[C@H](CCCCNC(C)=O)NC(C)=O)C(N)=O,290.0,False
CC(=O)NCCCC[C@H](NC(=O)[C@H](CCCCNC(=O)CCCCCCCSc1nc2c(N)ncnc2[nH]1)NC(=O)[C@H](CCCCNC(C)=O)NC(C)=O)C(N)=O,45.8,False
CC(=O)NCCCC[C@H](NC(=O)[C@H](CCCCNC(=O)CCCCCCCSc1nc2ccccc2s1)NC(=O)[C@H](CCCCNC(C)=O)NC(C)=O)C(N)=O,5.3,False
CC(=O)NCCCC[C@H](NC(=O)[C@H](CCCCNC(=O)CCCCCCSc1nc2ccccc2s1)NC(=O)[C@H](CCCCNC(C)=O)NC(C)=O)C(N)=O,30.0,False
CC(=O)NCCCC[C@H](NC(=O)[C@H](CCCCNC(=O)CCCCCSCc1ccccc1)NC(=O)[C@H](CCCCNC(C)=O)NC(C)=O)C(N)=O,57.7,False
CC(=O)NCCCC[C@H](NC(=O)[C@H](CCCCNC(=O)CCCCCSc1ccc2ccccc2c1)NC(=O)[C@H](CCCCNC(C)=O)NC(C)=O)C(N)=O,14.6,False
CC(=O)NCCCC[C@H](NC(=O)[C@H](CCCCNC(=O)CCCCCSc1cccc2ccccc12)NC(=O)[C@H](CCCCNC(C)=O)NC(C)=O)C(N)=O,14.6,False
CC(=O)NCCCC[C@H](NC(=O)[C@H](CCCCNC(=O)CCCCCSc1nc2c(N)ncnc2[nH]1)NC(=O)[C@H](CCCCNC(C)=O)NC(C)=O)C(N)=O,900.0,False
CC(=O)NCCCC[C@H](NC(=O)[C@H](CCCCNC(=O)CCCCCSc1nc2ccccc2[nH]1)NC(=O)[C@H](CCCCNC(C)=O)NC(C)=O)C(N)=O,187.3,False
CC(=O)NCCCC[C@H](NC(=O)[C@H](CCCCNC(=O)CCCCCSc1nc2ccccc2o1)NC(=O)[C@H](CCCCNC(C)=O)NC(C)=O)C(N)=O,133.1,False
CC(=O)NCCCC[C@H](NC(=O)[C@H](CCCCNC(=O)CCCCCSc1nc2ccccc2s1)NC(=O)[C@H](CCCCNC(C)=O)NC(C)=O)C(N)=O,12.4,False
CC(=O)NCCCC[C@H](NC(=O)[C@H](CCCCNC(=O)CCCCCSc1ncc(-c2ccccc2)s1)NC(=O)[C@H](CCCCNC(C)=O)NC(C)=O)C(N)=O,15.4,False
CC(=O)NCCCC[C@H](NC(=O)[C@H](CCCCNC(=O)CCCSc1nc2ccccc2s1)NC(=O)[C@H](CCCCNC(C)=O)NC(C)=O)C(N)=O,27.0,False
CC(=O)NCCCC[C@H](NC(=O)[C@H](CCCCNC(=O)CI)NC(=O)[C@H](CCCCNC(C)=O)NC(C)=O)C(N)=O,39.3,False
CC(=O)NCCCC[C@H](NC(=O)[C@H](CCCCNC(=O)CNC(=O)CI)NC(=O)[C@H](CCCCNC(C)=O)NC(C)=O)C(N)=O,200.0,False
CC(=O)NCCCC[C@H](NC(=O)[C@H](CCCCNC(=O)CNC(=O)CNC(=O)CSc1nc2ccccc2s1)NC(=O)[C@H](CCCCNC(C)=O)NC(C)=O)C(N)=O,116.0,False
CC(=O)NCCCC[C@H](NC(=O)[C@H](CCCCNC(=O)CSCc1ccccc1)NC(=O)[C@H](CCCCNC(C)=O)NC(C)=O)C(N)=O,171.0,False
CC(=O)NCCCC[C@H](NC(=O)[C@H](CCCCNC(=O)CSc1nc2ccccc2s1)NC(=O)[C@H](CCCCNC(C)=O)NC(C)=O)C(N)=O,77.5,False
CC(=O)NCCCC[C@H](NC(=O)[C@H](CCCCNC(=O)CSc1ncc(-c2ccccc2)s1)NC(=O)[C@H](CCCCNC(C)=O)NC(C)=O)C(N)=O,18.0,False
CC(=O)NCCCC[C@H](NC(=O)[C@H](CCCCNC(=O)CSc1nnc(/C=C/c2ccccc2)[nH]1)NC(=O)[C@H](CCCCNC(C)=O)NC(C)=O)C(N)=O,149.5,False
CC(=O)NCCCC[C@H](NC(=O)[C@H](CCCCNC(=S)NC(C)C)NC(=O)[C@H](CCCCNC(C)=O)NC(C)=O)C(N)=O,117.9,False
CC(=O)NCCCC[C@H](NC(=O)[C@H](CCCCNC(=S)NCCC(=O)O)NC(=O)[C@H](CCCCNC(C)=O)NC(C)=O)C(N)=O,100.0,False
CC(=O)NCCCC[C@H](NC(=O)[C@H](CCCCNC(=S)Nc1ccccc1)NC(=O)[C@H](CCCCNC(C)=O)NC(C)=O)C(N)=O,62.9,False
CC(=O)NCCCC[C@H](NC(=O)[C@H](CCCCNC(C)=S)NC(=O)[C@H](CCCCNC(C)=O)NC(C)=O)C(N)=O,2.1,False
CC(=O)NCCCC[C@H](NC(=O)[C@H](CCCCNC(C)=S)NC(=O)[C@H](CCc1ccccc1)NC(C)=O)C(N)=O,3.65,False
CC(=O)NCCCC[C@H](NC(=O)[C@H](CCCCNC(C)=S)NC(=O)[C@H](CNC(C)=O)NC(C)=O)C(N)=O,6.86,False
CC(=O)NCCCC[C@H](NC(=O)[C@H](CCCCNC(C)=S)NC(=O)[C@H](Cc1ccc(-c2ccccc2)cc1)NC(C)=O)C(N)=O,3.03,False
CC(=O)NCCCC[C@H](NC(=O)[C@H](CCCCNC(C)=S)NC(=O)[C@H](Cc1ccc2ccccc2c1)NC(C)=O)C(N)=O,12.57,False
CC(=O)NCCCC[C@H](NC(=O)[C@H](CCCCNC(C)=S)NC(=O)[C@H](Cc1csc2ccccc12)NC(C)=O)C(N)=O,14.43,False
CC(=O)NCCCC[C@H](NC(=O)[C@H](CCCCNC(N)=S)NC(=O)[C@H](CCCCNC(C)=O)NC(C)=O)C(N)=O,49.9,False
CC(=O)NCCCC[C@H](NC(C)=O)C(=O)N[C@@H](CCCCNC(C)=S)C(=O)N[C@@H](CCc1ccccc1)C(N)=O,1.45,False
CC(=O)NCCCC[C@H](NC(C)=O)C(=O)N[C@@H](CCCCNC(C)=S)C(=O)N[C@@H](CNC(C)=O)C(N)=O,2.32,False
CC(=O)NCCCC[C@H](NC(C)=O)C(=O)N[C@@H](CCCCNC(C)=S)C(=O)N[C@@H](Cc1ccc(-c2ccccc2)cc1)C(N)=O,2.4,False
CC(=O)NCCCC[C@H](NC(C)=O)C(=O)N[C@@H](CCCCNC(C)=S)C(=O)N[C@@H](Cc1ccc2ccccc2c1)C(N)=O,0.64,False
CC(=O)NCCCC[C@H](NC(C)=O)C(=O)N[C@@H](CCCCNC(C)=S)C(=O)N[C@@H](Cc1csc2ccccc12)C(N)=O,1.15,False
CC(=O)NCCC[C@H](NC(=O)[C@H](CCCCNC(C)=S)NC(=O)[C@H](CCCNC(C)=O)NC(C)=O)C(N)=O,5.9,False
CC(=O)NCCC[C@H](NC(=O)[C@H](CCCCNC(N)=S)NC(=O)[C@H](CCCNC(C)=O)NC(C)=O)C(N)=O,89.5,False
CC(=O)NCCN1CCN(c2ncnc3cc(C(N)=O)sc23)CC1,1.6,False
CC(=O)NC[C@H](NC(=O)[C@H](CCCCNC(C)=S)NC(=O)[C@H](CNC(C)=O)NC(C)=O)C(N)=O,6.6,False
CC(=O)NC[C@H](NC(=O)[C@H](CCCCNC(C)=S)NC(=O)[C@H](Cc1ccc(-c2ccccc2)cc1)NC(C)=O)C(N)=O,6.6,False
CC(=O)NC[C@H](NC(=O)[C@H](CCCCNC(C)=S)NC(=O)[C@H](Cc1ccc2ccccc2c1)NC(C)=O)C(N)=O,18.9,False
CC(=O)NC[C@H](NC(=O)[C@H](CCCCNC(C)=S)NC(=O)[C@H](Cc1csc2ccccc12)NC(C)=O)C(N)=O,9.6,False
CC(=O)N[C@@H](C)C(=O)N[C@@H](CCCCNC(=O)C=C(C)C)C(=O)N[C@@H](C)C(=O)O,11.0,False
CC(=O)N[C@@H](C)C(=O)N[C@@H](CCCCNC(=O)CC(C)C)C(=O)N[C@@H](C)C(=O)O,12.0,False
CC(=O)N[C@@H](C)C(=O)N[C@@H](CCCCNC(=S)CC(C)C)C(=O)N[C@@H](C)C(=O)O,0.7,False
CC(=O)N[C@@H](C)C(=O)N[C@@H](CCCCNC(C)=S)C(=O)N[C@@H](C)C(=O)O,0.24,False
CC(=O)N[C@@H](C)C(=O)N[C@@H](CCCCNC(C)=[Se])C(=O)N[C@@H](C)C(=O)O,0.37,False
CC(=O)N[C@H]1CCCCNC(=O)CCCCCC(=O)NCCCC[C@@H](C(=O)N[C@H](C(N)=O)[C@@H](C)O)NC(=O)[C@H](CCCCNC(=S)NCCC(=O)O)NC(=O)[C@H](CCCNC(=N)N)NC1=O,1000.0,False
CC(=O)Nc1ccc(C(=O)Nc2cccc(COc3cncc(C(N)=O)c3)c2)cc1,0.672,False
CC(=O)Nc1ccc(CN2CC(C(N)=O)Oc3ccccc32)cc1,10.4,False
CC(=O)Nc1ccc(Nc2ccccc2C(N)=O)cc1,100.0,False
CC(=O)Nc1cccc(CN2CC(C(N)=O)Oc3ccccc32)c1,2.4,False
CC(=O)Nc1cccc(COc2cncc(C(N)=O)c2)c1,200.0,False
CC(=O)Nc1ccccc1CN1CC(C(N)=O)Oc2ccccc21,31.6,False
CC(=O)Nc1nc(CN2CC(C(N)=O)Oc3ccccc32)cs1,0.62,False
CC(=O)Oc1ccc2occ(C(=O)c3ccccc3)c2c1,300.0,False
CC(=O)c1ccc(C(=O)Nc2cccc(COc3cncc(C(N)=O)c3)c2)cc1,24.1,False
CC(=S)NCCC1CCN(c2ncnc3cc(C(N)=O)sc23)CC1,0.056,False
CC(=S)NCCCCC(NC(=O)Oc1ccccc1)C(=O)Nc1ccccc1,30.0,False
CC(=S)NCCCC[C@@H]1NC(=O)CNC(=O)CCCCCCC(=O)NCCCC[C@@H](C(N)=O)NC1=O,3.84,False
CC(=S)NCCCC[C@@H]1NC(=O)CNCCC(=O)NCCCC[C@@H](C(N)=O)NC1=O,22.0,False
CC(=S)NCCCC[C@@H]1NC(=O)[C@H](Cc2ccc3ccccc3c2)NC(=O)CCCCCCC(=O)NCCCC[C@@H](C(N)=O)NC1=O,0.57,False
CC(=S)NCCCC[C@@H]1NC(=O)[C@H](Cc2ccc3ccccc3c2)NC(=O)CCCCCCC(=O)NCCC[C@@H](C(N)=O)NC1=O,0.18,False
CC(=S)NCCCC[C@@H]1NC(=O)[C@H](Cc2ccc3ccccc3c2)NC(=O)CCCCCCC(=O)NCC[C@@H](C(N)=O)NC1=O,1.1,False
CC(=S)NCCCC[C@@H]1NC(=O)[C@H](Cc2ccc3ccccc3c2)NC(=O)CCCCCCC(=O)NC[C@@H](C(N)=O)NC1=O,0.71,False
CC(=S)NCCCC[C@@H]1NC(=O)[C@H](Cc2csc3ccccc23)NC(=O)CCCCCCC(=O)NCCCC[C@@H](C(N)=O)NC1=O,0.5,False
CC(=S)NCCCC[C@@H]1NC(=O)[C@H](Cc2csc3ccccc23)NC(=O)CCCCCCC(=O)NCCC[C@@H](C(N)=O)NC1=O,0.68,False
CC(=S)NCCCC[C@@H]1NC(=O)[C@H](Cc2csc3ccccc23)NC(=O)CCCCCCC(=O)NCC[C@@H](C(N)=O)NC1=O,1.27,False
CC(=S)NCCCC[C@@H]1NC(=O)[C@H](Cc2csc3ccccc23)NC(=O)CCCCCCC(=O)NC[C@@H](C(N)=O)NC1=O,1.21,False
CC(=S)NCCCC[C@H](NC(=O)CCc1ccccc1)C(=O)N[C@@H](C)C(=O)O,0.99,False
CC(=S)NCCCC[C@H](NC(=O)CCc1ccccc1F)C(=O)N[C@@H](C)C(=O)O,1.3,False
CC(=S)NCCCC[C@H](NC(=O)CCc1ccccc1O)C(=O)N[C@@H](C)C(=O)O,1.0,False
CC(=S)NCCCC[C@H](NC(=O)OCc1ccccc1)C(=O)NC1CCCCC1,23.0,False
CC(=S)NCCCC[C@H](NC(=O)OCc1ccccc1)C(=O)NCC(=O)c1ccccc1,1.6,False
CC(=S)NCCCC[C@H](NC(=O)OCc1ccccc1)C(=O)N[C@@H](C)C(=O)O,1.3,False
CC(=S)NCCCC[C@H](NC(=O)OCc1ccccc1)C(=O)Nc1ccccc1,6.5,False
CC(=S)NCCCC[C@H](NC(=O)OCc1ccccc1)C(=O)Nc1ccccc1F,7.4,False
CC(=S)NCCCC[C@H](NC(=O)OCc1ccccc1)C(=O)Nc1ccccc1O,5.1,False
CC(=S)NCCCC[C@H](NC(=O)[C@@H](N)CC(=O)O)C(=O)N[C@H](C(=O)O)[C@@H](C)O,12.0,False
CC(=S)NCCCC[C@H](NC(=O)[C@@H](N)CCCCN)C(=O)N[C@@H](CC(C)C)C(=O)O,0.57,False
CC(=S)NCCCC[C@H](NC(=O)[C@@H]1CCCN(C(=O)OC(C)(C)C)C1)C(=O)N[C@@H](C)C(=O)O,0.97,False
CC(=S)NCCCC[C@H](NC(=O)[C@@H]1C[C@@H](O)CN1C(=O)OCc1ccccc1)C(=O)NCC(=O)c1ccccc1,0.24,False
CC(=S)NCCCC[C@H](NC(=O)[C@H](C)N)C(=O)N[C@@H](C)C(=O)O,0.66,False
CC(=S)NCCCC[C@H](NC(=O)[C@H](C)NC(=O)OC(C)(C)C)C(=O)N[C@@H](C)C(=O)O,0.77,False
CC(=S)NCCCC[C@H](NC(=O)[C@H](CC(=O)O)NC(=O)[C@@H](N)CO)C(=O)N[C@H](C(=O)N[C@@H](C)C(=O)O)[C@@H](C)O,8.8,False
CC(=S)NCCCC[C@H](NC(=O)[C@H](CC(=O)O)NC(=O)[C@@H](N)CO)C(=O)N[C@H](C(=O)O)[C@@H](C)O,11.1,False
CC(=S)NCCCC[C@H](NC(=O)[C@H](CCCCN)NC(=O)[C@@H](N)Cc1cnc[nH]1)C(=O)N[C@@H](CC(C)C)C(=O)N[C@@H](C)C(=O)O,0.9,False
CC(=S)NCCCC[C@H](NC(=O)[C@H](CCCCN)NC(=O)[C@@H](N)Cc1cnc[nH]1)C(=O)N[C@@H](CC(C)C)C(=O)O,0.48,False
CC(=S)NCCCC[C@H](NC(=O)[C@H](CCCNC(=N)N)NC(=O)[C@H](C)NC(=O)[C@@H](NC(=O)[C@H](CCC(N)=O)NC(=O)[C@@H](N)CCCCN)[C@@H](C)O)C(=O)N[C@@H](CO)C(=O)N[C@H](C(=O)NCC(=O)NCC(=O)N[C@@H](CCCCN)C(=O)N[C@@H](C)C(=O)O)[C@@H](C)O,2.0,False
CC(=S)NCCCC[C@H](NC(=O)[C@H](N)Cc1ccccc1)C(=O)N[C@@H](C)C(=O)O,18.0,False
CC(=S)NCCN1CCN(c2ncnc3cc(C(N)=O)sc23)CC1,0.49,False
CC(=[Se])NCCCC[C@H](NC(=O)OCc1ccccc1)C(=O)Nc1ccccc1,1.8,False
CC(C(=O)Nc1ccc(/N=C/c2c(O)ccc3ccccc23)cc1)c1ccccc1,40.9,False
CC(C(=O)Nc1cccc(/N=C/c2c(O)ccc3ccccc23)c1)c1ccccc1,43.0,False
CC(C(=O)Nc1ccccc1/N=C/c1c(O)ccc2ccccc12)c1ccccc1,40.3,False
CC(C)(C)C(=O)NCC1CCN(c2ncnc3cc(C(N)=O)sc23)CC1,4.3,False
CC(C)(C)C(=O)NCCC1CCN(c2ccnc3cc(C(N)=O)sc23)CC1,0.059,False
CC(C)(C)C(=O)NCCC1CCN(c2nccc3cc(C(N)=O)sc23)CC1,0.49,False
CC(C)(C)C(=O)NCCC1CCN(c2ncnc3cc(C(=O)O)sc23)CC1,50.0,False
CC(C)(C)C(=O)NCCC1CCN(c2ncnc3cc(C(N)=O)oc23)CC1,0.47,False
CC(C)(C)C(=O)NCCC1CCN(c2ncnc3cc(C(N)=O)sc23)CC1,0.015,True
CC(C)(C)C(=O)NCCC1CCN(c2ncnc3ccsc23)CC1,50.0,False
CC(C)(C)C(=O)NCCCC1CCN(c2ncnc3cc(C(N)=O)sc23)CC1,0.042,False
CC(C)(C)C(=O)NCCN1CCN(c2ncnc3cc(C(N)=O)sc23)CC1,0.12,False
CC(C)(C)OC(=O)CN1CC(C(N)=O)Oc2ccccc21,60.0,False
CC(C)(C)OC(=O)NCCC1CCN(c2ncnc3cc(C(N)=O)sc23)CC1,0.017,False
CC(C)(C)OC(=O)Nc1ccc2c(c1)C(NC(=O)Nc1ccc(C#N)cc1)CC(C)(C)O2,121.2,False
CC(C)(C)OC(=O)Nc1ccc2c(c1)C(NC(=O)Nc1cccc(C#N)c1)CC(C)(C)O2,6.2,False
CC(C)(C)OC(=O)Nc1ccc2c(c1)C(NC(=O)Nc1cccc(Cl)c1)CC(C)(C)O2,32.1,False
CC(C)(C)OC(=O)Nc1ccc2c(c1)C(NC(=O)Nc1cccc([N+](=O)[O-])c1)CC(C)(C)O2,200.0,False
CC(C)(C)OC(=O)Nc1cccc(-c2noc(C(=O)NNC(=S)Nc3ccc(C(F)(F)F)cc3)n2)c1,168.0,False
CC(C)(C)OC(=O)Nc1nc(CN2CC(C(N)=O)Oc3ccccc32)cs1,5.63,False
CC(C)(C)OC(=O)c1ccc(C(=O)NCCC2CCN(c3ncnc4cc(C(N)=O)sc34)CC2)s1,0.0067,False
CC(C)(C)OC(=O)c1ccc(CN2CC(C(N)=O)Oc3ccccc32)cc1,20.1,False
CC(C)(C)c1c(CC(N)=O)[nH]c2ccc(Cl)cc12,7.6,False
CC(C)(C)c1cc(C=C2C(=O)OC(c3ccccc3)OC2=O)cc(C(C)(C)C)c1O,18.96,False
CC(C)(C)c1ccc(-c2noc(C(=O)NNC(=S)Nc3ccc(C(F)(F)F)cc3)n2)cc1,325.0,False
CC(C)(C)c1ccc(-c2noc(C(=O)NNC(=S)Nc3cccc(C(F)(F)F)c3)n2)cc1,192.0,False
CC(C)(C)c1ccc(C(=O)Nc2cccc(COc3cncc(C(N)=O)c3)c2)cc1,15.3,False
CC(C)(C)c1ccc(C(=O)O)cc1,1000.0,True
CC(C)=CCC/C(C)=C/C[C@@H]1C[C@@]2(CC=C(C)C)C(=O)[C@](CC=C(C)C)(C(=O)C(C(=O)c3ccc(O)c(O)c3)=C2O)[C@@]1(C)CCC=C(C)C,9.0,False
CC(C)=CCC/C(C)=C/C[C@@H]1C[C@]2(CC=C(C)C)C(=O)[C@@](CC=C(C)C)(C(=O)C(C(=O)c3ccc(O)c(O)c3)=C2O)[C@@]1(C)CCC=C(C)C,9.0,False
CC(C)=CCC/C(C)=C/C[C@@H]1C[C@]2(CC=C(C)C)C(=O)[C@@](CC=C(C)C)(C(=O)C(Cc3ccc(O)c(O)c3)=C2O)[C@@]1(C)CCC=C(C)C,9.0,False
CC(C)=CCC[C@]1(C)[C@@H](CC=C(C)C)C[C@@]2(CC=C(C)C)C(=O)[C@]1(C(=O)C(C)C)C(=O)C(CC=C(C)C)=C2OCC(=O)O,7.0,False
CC(C)=CCC[C@]1(C)[C@@H](CC=C(C)C)C[C@]2(CC=C(C)C)C(=O)C(CC=C(C)C)=C(O)[C@@]1(C(=O)C(C)C)C2=O,15.0,False
CC(C)C(=O)Nc1ccc(Nc2ccccc2C(N)=O)cc1,100.0,False
CC(C)CC(=O)N1CC(C(N)=O)Oc2ccccc21,60.0,False
CC(C)CCCCCCCCC[C@@H]1CC(=O)N[C@@H](CCC(=O)O)C(=O)N[C@@H](CC(C)C)C(=O)N[C@H](CC(C)C)C(=O)N[C@@H](C(C)C)C(=O)N[C@@H](CC(=O)O)C(=O)N[C@H](CC(C)C)C(=O)N[C@@H](CC(C)C)C(=O)O1,600.0,False
CC(C)COc1cccc(Nc2ccccc2C(N)=O)c1,300.0,False
CC(C)NC(=O)[C@H](Cc1c[nH]c2ccccc12)NC(=O)[C@H](CCCCNC(N)=S)NC(=O)OCc1ccccc1,0.98,False
CC(C)OC(=O)Nc1ccc2c(c1)C(NC(=O)Nc1cccc(C#N)c1)CC(C)(C)O2,54.8,False
CC(C)Oc1cccc(C=C2C(=O)OC(c3ccccc3)OC2=O)c1,14.01,False
CC(C)c1c(CC(N)=O)[nH]c2ccc(Br)cc12,4.2,False
CC(C)c1c(CC(N)=O)[nH]c2ccc(Cl)cc12,1.6,False
CC(C)c1cc(C(=O)N(C)c2ccc(NC(=O)CCCCCCC(=O)NO)cc2)c(O)cc1O,10.0,False
CC(C)c1cc(C(=O)N(C)c2ccc(NC(=O)CCCCCCCC(=O)NO)cc2)c(O)cc1O,10.0,False
CC(C)c1ccc(-c2[nH][nH]c(=O)c2Cc2c(O)ccc3nc(Cl)ccc23)cc1,21.0,False
CC(C)c1ccc(C(=O)NC(=S)Nc2ccc(NC(=O)CCCCN(C)C)cc2)cc1,53.75,False
CC(C)c1ccc(C(=O)Nc2cccc(COc3cncc(C(N)=O)c3)c2)cc1,13.5,False
CC(C)c1ccc(C=C2C(=O)NC(=S)NC2=O)cc1,12.4,False
CC(CS(=O)(=O)c1cccc(/N=C/c2c(O)ccc3ccccc23)c1)c1ccccc1,40.3,False
CC(CS(=O)(=O)c1ccccc1/N=C/c1c(O)ccc2ccccc12)c1ccccc1,40.3,False
CC(CSc1ccc(/N=C/c2c(O)ccc3ccccc23)cc1)c1ccccc1,40.3,False
CC(CSc1cccc(/N=C/c2c(O)ccc3ccccc23)c1)c1ccccc1,40.3,False
CC(CSc1ccccc1/N=C/c1c(O)ccc2ccccc12)c1ccccc1,40.3,False
CC(C[S+]([O-])c1ccc(/N=C/c2c(O)ccc3ccccc23)cc1)c1ccccc1,40.3,False
CC(C[S+]([O-])c1cccc(/N=C/c2c(O)ccc3ccccc23)c1)c1ccccc1,40.3,False
CC(C[S+]([O-])c1ccccc1/N=C/c1c(O)ccc2ccccc12)c1ccccc1,40.3,False
CC(NC(=O)c1ccc(/N=C/c2c(O)ccc3ccccc23)cc1)c1ccccc1,30.55,False
CC(NC(=O)c1cccc(/N=C/c2c(O)ccc3ccccc23)c1)c1ccccc1,58.8,False
CC(NC(=O)c1ccccc1/N=C/c1c(O)ccc2ccccc12)c1ccccc1,82.5,False
CC(NS(=O)(=O)c1ccc(/N=C/c2c(O)ccc3ccccc23)cc1)c1ccccc1,42.2,False
CC(NS(=O)(=O)c1cccc(/N=C/c2c(O)ccc3ccccc23)c1)c1ccccc1,40.3,False
CC(Oc1ccccc1)c1nn2c(-c3ccco3)nnc2s1,67.9,False
CC1(C)CC(=O)C2=C(C1)N(NC(=O)c1ccccc1)C1=C(C(=O)CC(C)(C)C1)C2c1ccc(OCc2ccccc2)cc1,45.97,False
CC1(C)CC(=O)C2=C(C1)N(Nc1ccc([N+](=O)[O-])cc1[N+](=O)[O-])C1=C(C(=O)CC(C)(C)C1)C2c1ccc(OCc2ccccc2)cc1,43.29,False
CC1(C)CC(=O)C2=C(C1)N(Nc1ccc([N+](=O)[O-])cc1[N+](=O)[O-])C1=C(C(=O)CC(C)(C)C1)C2c1ccccc1OCc1ccccc1,10.13,False
CC1(C)CC(=O)C2=C(C1)N(Nc1ccccc1)C1=C(C(=O)CC(C)(C)C1)C2c1ccc(OCc2ccccc2)cc1,43.14,False
CC1(C)CC(=O)C2=C(C1)N(Nc1ccccc1)C1=C(C(=O)CC(C)(C)C1)C2c1cccc(OCc2ccccc2)c1,40.06,False
CC1(C)CC(=O)C2=C(C1)N(Nc1ccccc1)C1=C(C(=O)CC(C)(C)C1)C2c1ccccc1OCc1ccccc1,11.08,False
CC1(C)CC(NC(=S)Nc2ccc([N+](=O)[O-])cc2)c2cc(Cl)ccc2O1,200.0,False
CC1(C)Cc2c(-c3ccc(Cl)cc3)n[nH]c2C(C(N)=O)C1,0.8,False
CC1(c2ccccc2)OC(=O)C(=Cc2ccc(O)cc2)C(=O)O1,7.06,False
CC1=CCC(C(=O)/N=C2\CC=C(S(=O)(=O)O)c3cc(S(=O)(=O)O)cc(S(=O)(=O)O)c32)=C/C1=N/C(=O)C1=CC=C/C(=N\C(=O)/N=C2\C=CC=C(C(=O)/N=C3/CC(C(=O)/N=C4\CC=C(S(=O)(=O)O)c5cc(S(=O)(=O)O)cc(S(=O)(=O)O)c54)=CC=C3C)C2)C1,0.297,False
CC1=CCC(C(=O)/N=C2\CC=C(S(=O)(=O)[O-])c3cc(S(=O)(=O)[O-])cc(S(=O)(=O)[O-])c32)=C/C1=N/C(=O)C1=CC=C/C(=N\C(=O)/N=C2\C=CC=C(C(=O)/N=C3/CC(C(=O)/N=C4\CC=C(S(=O)(=O)[O-])c5cc(S(=O)(=O)[O-])cc(S(=O)(=O)[O-])c54)=CC=C3C)C2)C1,0.297,False
CC1=NOC(=O)/C1=C/c1c(COCc2ccc(C(F)(F)F)cc2)n(C)c2ccc(F)cc12,35.25,False
CCC(=S)NCCCC[C@H](NC(=O)OCc1ccccc1)C(=O)N[C@@H](Cc1c[nH]c2ccccc12)C(=O)NC(C)C,0.51,False
CCC(Oc1ccccc1)c1nn2c(-c3ccco3)nnc2s1,100.0,False
CCC(Sc1nnc2c(n1)[nH]c1ccccc12)C(=O)N1c2ccccc2Sc2ccccc21,0.1,False
CCC(c1ccccc1)c1nn2c(-c3ccco3)nnc2s1,96.2,False
CCCC(=S)NCCCCC(NC(=O)Oc1ccccc1)C(=O)Nc1ccccc1,2.4,False
CCCC(=S)NCCCC[C@H](NC(=O)OCc1ccccc1)C(=O)N[C@@H](Cc1c[nH]c2ccccc12)C(=O)NC(C)C,0.54,False
CCCC(=S)NCCCC[C@H](NC(=O)OCc1ccccc1)C(=O)Nc1ccccc1,12.0,False
CCCCCCC(=S)NCCCCC(NC(=O)Oc1ccccc1)C(=O)Nc1ccccc1,0.31,False
CCCCCCCCCCCCCC(=S)NCCCCC(NC(=O)Oc1ccccc1)C(=O)Nc1ccccc1,205.0,False
CCCCCCCCCCCCCC(=S)NCCCC[C@H](NC(=O)CCOCCOCCNc1cccc2c1C(=O)N(C1CCC(=O)NC1=O)C2=O)C(=O)Nc1ccccc1,37.0,False
CCCCCCCCCCCCCC(=S)NCCCC[C@H](NC(=O)CCOCCOCCOCCOCCNc1cccc2c1C(=O)N(C1CCC(=O)NC1=O)C2=O)C(=O)Nc1ccccc1,41.0,False
CCCCCCCCCCCCCC(=S)NCCCC[C@H](NC(=O)OCc1ccccc1)C(=O)Nc1ccccc1,98.0,False
CCCCCCCCCCCCCC(=S)NCCCC[C@H](NC(=O)[C@@H](NC(=O)[C@H](CCCNC(=N)N)NC(C)=O)[C@@H](C)CC)C(=O)N[C@@H](CCCNC(=N)N)C(=O)N[C@@H](Cc1ccc(O)cc1)C(N)=O,0.178,False
CCCCCCCCCCCCCC(=S)NCCCC[C@H](NC(=O)[C@H](CCCCN)NC(=O)[C@@H]1CCCN1)C(=O)N[C@H](C(=O)NCC(=O)O)[C@@H](C)O,5.3,False
CCCCCCCCCCCCCNC(=O)CCCSC[C@H](NC(=O)[C@H](CCCNC(=N)N)NC(=O)[C@H](C)NC(=O)[C@@H](NC(=O)[C@H](CCC(N)=O)NC(=O)[C@@H](N)CCCCN)[C@@H](C)O)C(=O)N[C@@H](CO)C(=O)N[C@H](C(=O)NCC(=O)NCC(=O)N[C@@H](CCCCN)C(=O)O)[C@@H](C)O,200.0,False
CCCCCCCCCCCCNC(=O)CCCCC[C@@H]1NC(=O)[C@H](CCCNC(=N)N)NC(=O)CNC(=O)CCC(=O)NCC(=O)NCCCC[C@@H](C(N)=O)NC1=O,4.3,False
CCCCCCCCCCCCNC(=O)[C@H](CCCCN)NC(C)=O,104.0,False
CCCCCCCCCCCCNC(=S)NCCCC[C@@H]1NC(=O)[C@H](CCCNC(=N)N)NC(=O)CNC(=O)CCC(=O)NCC(=O)NCCCC[C@@H](C(N)=O)NC1=O,1.8,False
CCCCCCCCCCCCNC(=S)NCCCC[C@H](NC(=O)OCc1ccccc1)C(=O)Nc1cccc(O)c1,1.0,False
CCCCCCCCCCCCNC(=S)NCCCC[C@H](NC(=O)OCc1ccccc1)C(=O)Nc1ccccc1,200.0,False
CCCCCCCCCCNC(=O)CCCSC[C@H](NC(=O)[C@H](CCCNC(=N)N)NC(=O)[C@H](C)NC(=O)[C@@H](NC(=O)[C@H](CCC(N)=O)NC(=O)[C@@H](N)CCCCN)[C@@H](C)O)C(=O)N[C@@H](CO)C(=O)N[C@H](C(=O)NCC(=O)NCC(=O)N[C@@H](CCCCN)C(=O)O)[C@@H](C)O,200.0,False
CCCCCCCCCCNC(=S)NCCCC[C@H](NC(=O)OCc1ccccc1)C(=O)Nc1cccc(O)c1,0.45,False
CCCCCCCCCCNC(=S)NCCCC[C@H](NC(=O)OCc1ccccc1)C(=O)Nc1ccccc1,200.0,False
CCCCCCCCNC(=O)CCCSC[C@H](NC(=O)[C@H](CCCNC(=N)N)NC(=O)[C@H](C)NC(=O)[C@@H](NC(=O)[C@H](CCC(N)=O)NC(=O)[C@@H](N)CCCCN)[C@@H](C)O)C(=O)N[C@@H](CO)C(=O)N[C@H](C(=O)NCC(=O)NCC(=O)N[C@@H](CCCCN)C(=O)O)[C@@H](C)O,300.0,False
CCCCCCCCNC(=S)NCCCC[C@H](NC(=O)OCc1ccccc1)C(=O)Nc1cccc(O)c1,1.0,False
CCCCCCCCNC(=S)NCCCC[C@H](NC(=O)OCc1ccccc1)C(=O)Nc1ccccc1,11.0,False
CCCCCCCCn1c(-c2ccc(-c3ccc(N(C)C)cc3)cc2)nc2cc(C(=O)OCC)ccc21,50.0,False
CCCCCCCCn1c(-c2ccc(-c3ccc(N4CCCCC4)cc3)cc2)nc2cc(C(=O)OCC)ccc21,50.0,False
CCCCCCCCn1c(-c2ccc(-c3ccc(O)c(OC)c3)cc2)nc2cc(C(=O)OCC)ccc21,50.0,False
CCCCCCCCn1c(-c2ccc(-c3ccc4c(c3)OCO4)cc2)nc2cc(C(=O)OCC)ccc21,50.0,False
CCCCCCCCn1c2c(c3cc(-c4ccc(S(C)(=O)=O)cc4)ccc31)CN(C(N)=O)CC2,28.0,False
CCCCCCCCn1c2c(c3cc(-c4ccc(S(C)(=O)=O)cc4)ccc31)CN(C)CC2,250.0,False
CCCCCCCCn1c2c(c3cc(-c4ccc(S(C)(=O)=O)cc4)ccc31)CNCC2,16.7,False
CCCCCCCCn1c2c(c3cc(-c4cccc(C)c4)ccc31)CN(C(C)C)CC2,26.0,False
CCCCCCCCn1c2c(c3cc(-c4cccc(C)c4)ccc31)CN(C(N)=O)CC2,100.0,False
CCCCCCCCn1c2c(c3cc(-c4cccc(C)c4)ccc31)CN(C)CC2,21.0,False
CCCCCCCCn1c2c(c3cc(-c4cccc(C)c4)ccc31)CN(Cc1ccccc1)CC2,100.0,False
CCCCCCCCn1c2c(c3cc(-c4cccc(C)c4)ccc31)CNCC2,20.0,False
CCCCCCCCn1c2c(c3cc(-c4cnc(N)nc4)ccc31)CN(C(C)C)CC2,56.0,False
CCCCCCCCn1c2c(c3cc(-c4cnc(N)nc4)ccc31)CN(C(N)=O)CC2,63.0,False
CCCCCCCCn1c2c(c3cc(-c4cnc(N)nc4)ccc31)CN(C)CC2,100.0,False
CCCCCCCCn1c2c(c3cc(-c4cnc(N)nc4)ccc31)CNCC2,38.0,False
CCCCCCCNC(=O)NCCCC[C@H](NC(=O)OCc1ccccc1)C(=O)Nc1ccccc1,64.0,False
CCCCCCCNC(=S)NCCCC[C@H](NC(=O)OCc1ccccc1)C(=O)Nc1ccccc1,22.0,False
CCCCCCNC(=S)NCCCC[C@H](NC(=O)OCc1ccccc1)C(=O)Nc1ccccc1,30.0,False
CCCCCNC(=S)NCCCC[C@H](NC(=O)OCc1ccccc1)C(=O)Nc1cccc(O)c1,34.0,False
CCCCC[C@H]1CC(=O)c2cc(Cl)cc(Br)c2O1,200.0,False
CCCCCc1c(CC(N)=O)[nH]c2ccc(Cl)cc12,5.5,False
CCCCCc1ccc(C(=O)NC(=S)Nc2ccc(NC(=O)CCCCN(C)C)cc2)cc1,36.7,False
CCCCNC(=S)NCCCC[C@H](NC(=O)OCc1ccccc1)C(=O)N[C@@H](Cc1c[nH]c2ccccc12)C(=O)NC(C)C,1.13,False
CCCCOc1c(Cl)cc(C(=O)NC(=S)Nc2ccc(NC(=O)CCCCN(C)C)cc2)cc1Cl,22.5,False
CCCC[C@@H]1NC(=O)CCCCCCC(=O)NCCCC[C@@H](C(N)=O)NC(=O)[C@H](CCCCNC(C)=S)NC1=O,0.22,False
CCCC[C@@H]1NC(=O)CCCCCCC(=O)NCCC[C@@H](C(N)=O)NC(=O)[C@H](CCCCNC(C)=S)NC1=O,0.27,False
CCCC[C@@H]1NC(=O)CCCCCCC(=O)NCC[C@@H](C(N)=O)NC(=O)[C@H](CCCCNC(C)=S)NC1=O,0.82,False
CCCC[C@@H]1NC(=O)CCCCCCC(=O)NC[C@@H](C(N)=O)NC(=O)[C@H](CCCCNC(C)=S)NC1=O,0.45,False
CCCC[C@H](NC(=O)[C@H](CCCCNC(C)=S)NC(=O)[C@H](CCCCNC(C)=O)NC(C)=O)C(N)=O,0.63,False
CCCC[C@H](NC(C)=O)C(=O)N[C@@H](CCCCNC(C)=S)C(=O)N[C@@H](CCCCNC(C)=O)C(N)=O,2.78,False
CCCCc1c(CC(N)=O)[nH]c2ccc(Cl)cc12,6.0,False
CCCCc1ccc(C(=O)NC(=S)Nc2ccc(NC(=O)CCCCN(C)C)cc2)cc1,46.3,False
CCCCc1nc2c(=O)n(C)c(=O)nc-2n(C)n1,0.11,False
CCCCn1c(=O)nc2oc3ccc4ccccc4c3cc-2c1=O,10.4,False
CCCCn1c(=O)nc2oc3ccccc3cc-2c1=O,14.1,False
CCCNC(=S)NCCCC[C@H](NC(=O)OCc1ccccc1)C(=O)Nc1cccc(O)c1,100.0,False
CCCOc1ccc(Cn2c(-c3ccccc3)c(Cc3c(O)ccc4ccccc34)c(=O)[nH]c2=S)cc1,120.0,False
CCCOc1ccc(Cn2c(-c3ccccc3)c(Cc3c(OC)ccc4ccccc34)c(=O)[nH]c2=S)cc1,61.9,False
CCC[C@H](NC(=O)[C@H](CCCCNC(C)=S)NC(=O)[C@H](CCCCNC(C)=O)NC(C)=O)C(N)=O,2.85,False
CCC[C@H](NC(C)=O)C(=O)N[C@@H](CCCCNC(C)=S)C(=O)N[C@@H](CCCCNC(C)=O)C(N)=O,10.71,False
CCCc1c(CC(N)=O)[nH]c2ccc(Cl)cc12,6.8,False
CCCc1ccc(C(=O)NC(=S)Nc2ccc(NC(=O)CCCCN(C)C)cc2)cc1,60.2,False
CCCn1c(=O)c2[nH]c(SSc3nc4c([nH]3)c(=O)n(CCC)c(=O)n4CCC)nc2n(CCC)c1=O,0.54,False
CCCn1c(=O)nc2oc3ccc4ccccc4c3cc-2c1=O,9.4,False
CCCn1c(=O)nc2oc3ccccc3cc-2c1=O,12.5,False
CCN(CC)C(=O)C1CCCc2c1[nH]c1ccc(Cl)cc21,100.0,False
CCN(CC)c1ccc(/C=C2\NC(=O)N(Cc3ccc(C)cc3)C2=O)cc1,94.0,False
CCN(CC)c1ccc(C(=O)Nc2cccc(COc3cncc(C(N)=O)c3)c2)cc1,11.5,False
CCN1C(=O)/C(=C/c2c[nH]c3ccccc23)C(=O)NC1=S,89.3,False
CCN1C(=O)/C(=C/c2ccc(OCc3ccccc3)cc2)C(=O)NC1=S,53.2,False
CCNC(=O)C1CCCc2c1[nH]c1ccc(Cl)cc21,100.0,False
CCNC(=O)c1ccc(C(=O)NCCC2CCN(c3ncnc4cc(C(N)=O)sc34)CC2)s1,0.0036,True
CCNC(=O)c1ccc(C(=O)NCCN2CCN(c3ncnc4cc(C(N)=O)sc34)CC2)s1,0.031,False
CCNC(=O)c1cccc(C(=O)NCCC2CCN(c3ncnc4cc(C(N)=O)sc34)CC2)c1,0.0053,False
CCNC(=O)c1cccc(C(=O)NCCN2CCN(c3ncnc4cc(C(N)=O)sc34)CC2)c1,0.067,False
CCNC(=S)NCCCC[C@H](NC(=O)OCc1ccccc1)C(=O)N[C@@H](Cc1c[nH]c2ccccc12)C(=O)NC(C)C,1.9,False
CCNC(=S)NCCCC[C@H](NC(=O)[C@H](CCCCNC(C)=O)NC(C)=O)C(=O)N[C@@H](CCCCNC(C)=O)C(N)=O,83.4,False
CCNc1ccc(C(=O)Nc2cccc(COc3cncc(C(N)=O)c3)c2)cc1,3.03,False
CCNc1ncnc2cc(C(N)=O)sc12,50.0,False
CCOC(=O)C1CCCc2c1[nH]c1ccc(Cl)cc21,100.0,False
CCOC(=O)C1CN(Cc2ccccc2)c2ccccc2O1,60.0,False
CCOC(=O)C1CNc2ccccc2O1,60.0,False
CCOC(=O)CC(=O)NCCCC[C@H](NC(=O)OCc1ccccc1)C(=O)Nc1ccccc1,4.0,False
CCOC(=O)CCNC(=S)NCCCC[C@H](NC(=O)OCc1ccccc1)C(=O)Nc1cccc(O)c1,177.8,False
CCOC(=O)Nc1ccc2c(c1)C(NC(=O)Nc1cccc(C#N)c1)CC(C)(C)O2,108.7,False
CCOC(=O)c1ccc(N2CCN(CCn3c(-c4ccc(-c5ccc(N(C)C)cc5)cc4)nc4cc(C(=O)OCC)ccc43)CC2)c(N)c1,10.22,False
CCOC(=O)c1ccc(N2CCN(CCn3c(-c4ccc(-c5ccc(N6CCCCC6)cc5)cc4)nc4cc(C(=O)OCC)ccc43)CC2)c(N)c1,36.97,False
CCOC(=O)c1ccc(N2CCN(CCn3c(-c4ccc(-c5ccc(O)c(OC)c5)cc4)nc4cc(C(=O)OCC)ccc43)CC2)c(N)c1,35.07,False
CCOC(=O)c1ccc(N2CCN(CCn3c(-c4ccc(-c5ccc(O)cc5O)cc4)nc4cc(C(=O)OCC)ccc43)CC2)c(N)c1,19.96,False
CCOC(=O)c1ccc(N2CCN(CCn3c(-c4ccc(-c5ccc6c(c5)OCO6)cc4)nc4cc(C(=O)OCC)ccc43)CC2)c(N)c1,29.8,False
CCOC(=O)c1ccc2[nH]c(-c3ccc(Br)cc3)nc2c1,50.0,False
CCOC(=O)c1ccc2[nH]c(-c3ccc(C(F)(F)F)cc3)nc2c1,50.0,False
CCOC(=O)c1ccc2[nH]c(-c3ccc(Cl)cc3)nc2c1,33.6,False
CCOC(=O)c1ccc2[nH]c(-c3ccc(N(C)C)cc3)nc2c1,62.9,False
CCOC(=O)c1ccc2[nH]c(-c3ccc(N4CCCCC4)cc3)nc2c1,42.9,False
CCOC(=O)c1ccc2[nH]c(-c3ccc(N4CCOCC4)cc3)nc2c1,57.5,False
CCOC(=O)c1ccc2[nH]c(-c3ccc(OC(F)(F)F)cc3)nc2c1,50.0,False
CCOC(=O)c1ccc2[nH]c(-c3ccc4c(c3)OCO4)nc2c1,7.7,False
CCOC(=O)c1ccc2c(c1)nc(-c1ccc(C)cc1)n2-c1ccccc1,79.87,False
CCOC(=O)c1ccc2c(c1)nc(-c1ccc(N(C)C)cc1)n2-c1ccccc1,49.12,False
CCOC(=O)c1ccc2c(c1)nc(-c1ccc(N(C)C)cc1)n2CCCN1CCCC1=O,60.31,False
CCOC(=O)c1ccc2c(c1)nc(-c1ccc(N(C)C)cc1)n2CCO,58.43,False
CCOC(=O)c1ccc2c(c1)nc(-c1ccc(N3CCCCC3)cc1)n2CCO,74.52,False
CCOC(=O)c1ccc2c(c1)nc(-c1ccc3c(c1)OCO3)n2CCO,80.11,False
CCOC(=O)c1cnc(CCc2c[nH]c3ccccc23)nc1NCCCNC(=S)NCCC(=O)O,600.0,False
CCOC(=O)c1cnc(NCc2ccccc2)nc1NCCCNC(=S)NCCC(=O)O,600.0,False
CCOc1c(Cl)cc(C(=O)NC(=S)Nc2ccc(NC(=O)CCCCN(C)C)cc2)cc1Cl,29.3,False
CCOc1cc(-c2nn3c(-c4ccco4)nnc3s2)cc(OCC)c1OCC,65.7,False
CCOc1cc(C=C2C(=O)OC(C)(c3ccccc3)OC2=O)ccc1O,7.92,False
CCOc1cc(C=C2C(=O)OC(c3ccccc3)OC2=O)cc(Br)c1O,1.14,False
CCOc1cc(C=C2C(=O)OC(c3ccccc3)OC2=O)cc([N+](=O)[O-])c1O,3.69,False
CCOc1cc(C=C2C(=O)OC(c3ccccc3)OC2=O)ccc1O,5.49,False
CCOc1ccc(-c2nn3c(-c4ccco4)nnc3s2)cc1,31.3,False
CCOc1ccc(Cn2c(-c3ccccc3)c(Cc3c(O)ccc4ccccc34)c(=O)[nH]c2=S)cc1,120.0,False
CCOc1ccc(Cn2c(-c3ccccc3)c(Cc3c(OC)ccc4ccccc34)c(=O)[nH]c2=S)cc1,120.0,False
CCOc1ccc(Cn2c(-c3ccccc3)c(Cc3ccccc3)c(=O)[nH]c2=S)cc1,68.1,False
CCOc1cccc(-c2nn3c(-c4ccco4)nnc3s2)c1,19.0,False
CCOc1ccccc1-c1nn2c(-c3ccco3)nnc2s1,23.6,False
CCOc1ccccc1OCc1nn2c(-c3ccco3)nnc2s1,13.7,False
CC[C@@H]1CC(=O)[C@H]2[C@@H](CC=C(C)[C@@H]2O)[C@]1(C)C(=O)C1=C(O)NCC1=O,3700.0,False
CC[C@H](C)[C@@H]1NC(=O)[C@H](CCCNC(=N)N)NC(=O)[C@H](Cc2ccccc2)NC(=O)[C@H](CC(N)=O)NC(=O)[C@@H](CO)NC(=O)[C@H](Cc2ccc(O)cc2)NC(=O)CSC[C@@H](C(N)=O)NC(=O)[C@H](CO)NC(=O)[C@H](CO)NC(=O)[C@H](CC(N)=O)NC(=O)[C@H](CO)NC(=O)[C@H](Cc2ccc(O)cc2)NC(=O)[C@H](CCCNC(=N)N)NC(=O)[C@H](CCCCNC(=O)C(F)(F)F)NC1=O,0.047,False
CC[C@H](C)[C@H](NC(=O)[C@@H](NC(=O)[C@H](CCCCNC(=O)Cc1ccc(/N=N/c2ccccc2)cc1)NC(=O)[C@H](CC(=O)O)NC(=O)[C@H](CO)NC(C)=O)[C@@H](C)O)C(N)=O,2.0,False
CC[C@H](C)[C@H](NC(=O)[C@@H](NC(=O)[C@H](CCCCNC(=O)c1ccc(/N=N/c2ccc(N(C)C)cc2)cc1)NC(=O)[C@H](CC(=O)O)NC(=O)[C@H](CO)NC(C)=O)[C@@H](C)O)C(N)=O,2.0,False
CC[C@H](C)[C@H](NC(=O)[C@@H](NC(=O)[C@H](CCCCNC(C)=S)NC(=O)[C@@H](N)CC(=O)O)[C@@H](C)O)C(=O)O,4.5,False
CC[C@H](C)[C@H](NC(=O)[C@@H](NC(=O)[C@H](CCCCNC(C)=S)NC(=O)[C@H](C)NC(=O)[C@@H](N)CO)[C@@H](C)O)C(=O)O,0.22,False
CC[C@H](C)[C@H](NC(=O)[C@@H](NC(=O)[C@H](CCCCNC(C)=S)NC(=O)[C@H](CC(=O)O)NC(=O)[C@@H](N)CO)[C@@H](C)O)C(=O)O,5.0,False
CC[C@H](C)[C@H](NC(=O)[C@@H](NC(=O)[C@H](CCCCNC(C)=S)NC(=O)[C@H](CC(=O)O)NC(=O)[C@@H](N)Cc1cnc[nH]1)[C@@H](C)O)C(=O)O,4.3,False
CC[C@H](C)[C@H](NC(=O)[C@@H](NC(=O)[C@H](CCCCNC(C)=S)NC(=O)[C@H](CC(=O)O)NC(=O)[C@H](C)N)[C@@H](C)O)C(=O)O,3.2,False
CC[C@H](C)[C@H](NC(=O)[C@@H](NC(=O)[C@H](CCCCNC(C)=S)NC(=O)[C@H](CCCCN)NC(=O)[C@@H](N)CO)[C@@H](C)O)C(=O)O,0.18,False
CC[C@H](C)[C@H](NC(=O)[C@@H](NC(=O)[C@H](CCCCNC(C)=S)NC(=O)[C@H](CCCCN)NC(=O)[C@@H](N)Cc1cnc[nH]1)[C@@H](C)O)C(=O)O,0.23,False
CC[C@H](C)[C@H](NC(=O)[C@H](C)NC(=O)[C@H](CCCCNC(C)=S)NC(=O)[C@H](CC(=O)O)NC(=O)[C@@H](N)CO)C(=O)O,6.7,False
CC[C@H](C)[C@H](NC(=O)[C@H](CC(C)C)NC(=O)[C@H](CCCCNC(C)=S)NC(=O)[C@H](CC(=O)O)NC(=O)[C@@H](N)CO)C(=O)O,23.2,False
CC[C@H](C)[C@H](NC(=O)[C@H](CCCCNC(=O)Cc1ccc(/N=N/c2ccccc2)cc1)NC(=O)[C@@H](NC(C)=O)C(C)C)C(=O)N[C@@H](CCCCN)C(=O)N[C@@H](CCCCN)C(N)=O,0.915,False
CC[C@H](C)[C@H](NC(=O)[C@H](CCCNC(=N)N)NC(C)=O)C(=O)N[C@@H](CCCCNC(=O)C(F)(F)F)C(=O)N[C@@H](CCCNC(=N)N)C(=O)N[C@@H](Cc1ccc(O)cc1)C(N)=O,2.0,False
CC[C@H](C)[C@H](NC(=O)[C@H](CCCNC(=N)N)NC(C)=O)C(=O)N[C@@H](CCCCNC(=O)CCc1ccc(/N=N/c2ccc(N(C)C)cc2)cc1)C(=O)N[C@@H](CCCNC(=N)N)C(=O)N[C@@H](Cc1ccc(O)cc1)C(N)=O,1.7,False
CC[C@H](C)[C@H](NC(=O)[C@H](CCCNC(=N)N)NC(C)=O)C(=O)N[C@@H](CCCCNC(=O)Cc1ccc(/N=N/c2ccc(N(C)C)cc2)cc1)C(=O)N[C@@H](CCCNC(=N)N)C(=O)N[C@@H](Cc1ccc(O)cc1)C(N)=O,0.249,False
CC[C@H](C)[C@H](NC(=O)[C@H](CCCNC(=N)N)NC(C)=O)C(=O)N[C@@H](CCCCNC(=O)Cc1ccc(/N=N/c2ccc(N(CC)CC)cc2)cc1)C(=O)N[C@@H](CCCNC(=N)N)C(=O)N[C@@H](Cc1ccc(O)cc1)C(N)=O,0.6200000000000001,False
CC[C@H](C)[C@H](NC(=O)[C@H](CCCNC(=N)N)NC(C)=O)C(=O)N[C@@H](CCCCNC(=O)Cc1ccc(/N=N/c2ccc(O)cc2)cc1)C(=O)N[C@@H](CCCNC(=N)N)C(=O)N[C@@H](Cc1ccc(O)cc1)C(N)=O,0.0849999999999999,False
CC[C@H](C)[C@H](NC(=O)[C@H](CCCNC(=N)N)NC(C)=O)C(=O)N[C@@H](CCCCNC(=O)Cc1ccc(/N=N/c2ccccc2)cc1)C(=O)N[C@@H](CCCNC(=N)N)C(=O)N[C@@H](Cc1ccc(O)cc1)C(N)=O,0.0595,False
CC[C@H](C)[C@H](NC(=O)[C@H](CCCNC(=N)N)NC(C)=O)C(=O)N[C@@H](CCCCNC(=O)c1ccc(/N=N/c2ccc(N(C)C)cc2)cc1)C(=O)N[C@@H](CCCNC(=N)N)C(=O)N[C@@H](Cc1ccc(O)cc1)C(N)=O,2.0,False
CC[C@H](C)[C@H](NC(C)=O)C(=O)N[C@@H](CCCCNC(=O)Cc1ccc(/N=N/c2ccccc2)cc1)C(=O)N[C@@H](CCCNC(=N)N)C(N)=O,0.177,False
CC[C@H](NC(=O)[C@H](CCCCNC(C)=S)NC(=O)[C@H](CCCCNC(C)=O)NC(C)=O)C(N)=O,1.96,False
CC[C@H](NC(C)=O)C(=O)N[C@@H](CCCCNC(C)=S)C(=O)N[C@@H](CCCCNC(C)=O)C(N)=O,2.13,False
CCc1c(CC(N)=O)[nH]c2ccc(Cl)cc12,14.0,False
CCc1cc(C=C2C(=O)OC(c3ccccc3)OC2=O)cc(CC)c1O,3.1,False
CCc1ccc(C(=O)Nc2cccc(COc3cncc(C(N)=O)c3)c2)cc1,21.0,False
CCc1ccc(OCCCC(O)Oc2ccc3c(c2)oc(=O)c2ccccc23)cc1,6.0,False
CCn1c(=O)c2[nH]c(SSc3nc4c([nH]3)c(=O)n(CC)c(=O)n4CC)nc2n(CC)c1=O,0.79,False
CCn1c(=O)n(CC(C)C)c(=O)c2[nH]c(SSc3nc4c([nH]3)c(=O)n(CC(C)C)c(=O)n4CC)nc21,1.77,False
CCn1c(=O)n(CC2CCOCC2)c(=O)c2[nH]c(SSc3nc4c([nH]3)c(=O)n(CC3CCOCC3)c(=O)n4CC)nc21,0.72,False
CCn1c(=O)n(CCc2ccc(OC)cc2)c(=O)c2[nH]c(SSc3nc4c([nH]3)c(=O)n(CCc3ccc(OC)cc3)c(=O)n4CC)nc21,0.61,False
CCn1c(=O)n(CCc2ccccc2)c(=O)c2[nH]c(SSc3nc4c([nH]3)c(=O)n(CCc3ccccc3)c(=O)n4CC)nc21,0.37,False
CCn1c(=O)nc2oc3ccc4ccccc4c3cc-2c1=O,20.2,False
CCn1c(=O)nc2oc3ccccc3cc-2c1=O,11.8,False
CN(C(=O)Cc1ccccc1)c1cccc(Nc2ccccc2C(N)=O)c1,100.0,False
CN(C(=O)c1ccc(Nc2ccccc2C(N)=O)cc1)c1ccccc1,100.0,False
CN(C(=O)c1cccc(Nc2ccccc2C(N)=O)c1)c1ccccc1,100.0,False
CN(C(=O)c1ccccc1)c1ccc(Nc2ccccc2C(N)=O)cc1,100.0,False
CN(C(=O)c1ccccc1)c1cccc(Nc2ccccc2C(N)=O)c1,100.0,False
CN(C)/C=N/C(=O)C1CCCc2c1[nH]c1ccc(Cl)cc21,0.149,False
CN(C)C(=O)C1CN(Cc2ccccc2)c2ccccc2O1,60.0,False
CN(C)C(=O)c1ccc(C(=O)Nc2cccc(COc3cncc(C(N)=O)c3)c2)cc1,6.27,False
CN(C)C(=O)c1ccccc1Nc1ccccc1,100.0,False
CN(C)CCC(=O)Nc1ccc(NC(=S)NC(=O)c2ccc(C(C)(C)C)cc2)cc1,32.0,False
CN(C)CCCC(=O)Nc1ccc(NC(=S)NC(=O)c2ccc(C(C)(C)C)cc2)cc1,35.8,False
CN(C)CCCCC(=O)Nc1ccc(NC(=O)NC(=O)c2ccc(C(C)(C)C)cc2)cc1,25.35,False
CN(C)CCCCC(=O)Nc1ccc(NC(=S)NC(=O)c2cc(F)c(F)c(F)c2)cc1,90.0,False
CN(C)CCCCC(=O)Nc1ccc(NC(=S)NC(=O)c2ccc(Br)cc2)cc1,76.05,False
CN(C)CCCCC(=O)Nc1ccc(NC(=S)NC(=O)c2ccc(C(C)(C)C)c(Br)c2)cc1,18.3,False
CN(C)CCCCC(=O)Nc1ccc(NC(=S)NC(=O)c2ccc(C(C)(C)C)cc2)cc1,37.5,True
CN(C)CCCCC(=O)Nc1ccc(NC(=S)NC(=O)c2ccc(Cl)c(Cl)c2)cc1,70.9,False
CN(C)CCCCC(=O)Nc1ccc(NC(=S)NC(=O)c2ccc(Cl)cc2)cc1,90.0,False
CN(C)CCCCC(=O)Nc1ccc(NC(=S)NC(=O)c2cccc(Br)c2)cc1,39.9,False
CN(C)CCCCC(=O)Nc1ccc(NC(=S)NC(=O)c2ccccc2)cc1,90.0,False
CN(C)CCCCC(=O)Nc1ccc(NC(=S)NC(=O)c2ccccc2Cl)cc1,90.0,False
CN(C)CCCCCC(=O)Nc1ccc(NC(=S)NC(=O)c2ccc(C(C)(C)C)cc2)cc1,16.05,False
CN(C)CCCCCCCC(=O)Nc1ccc(NC(=S)NC(=O)c2ccc(C(C)(C)C)cc2)cc1,24.85,False
CN(C)CCCCNC(=O)c1ccc(NC(=S)NC(=O)c2ccc(C(C)(C)C)cc2)cc1,17.9,False
CN(C)CCCn1cc(C2=C(c3c[nH]c4ccccc34)C(=O)NC2=O)c2ccccc21,50.0,True
CN(C)CCOCCOCCOCCOCCOCC(=O)Nc1ccc(NC(=S)NC(=O)c2ccc(C(C)(C)C)cc2)cc1,60.0,False
CN(C)c1ccc(C(=O)Nc2cccc(COc3cncc(C(N)=O)c3)c2)cc1,10.5,False
CN(Cc1ccccc1)C(=O)c1cccc(Nc2ccccc2C(N)=O)c1,100.0,False
CN(c1ccccc1)c1ccccc1C(N)=O,75.0,False
CN1C(=O)/C(=C/c2c[nH]c3ccccc23)C(=O)NC1=S,42.4,False
CN1C(=O)/C(=C/c2ccc(OCc3ccccc3)cc2)C(=O)NC1=S,56.5,False
CN1C(=O)C(c2c[nH]c3ccccc23)=C(c2c[nH]c3ccccc23)C1=O,50.0,False
CN1CC(C(N)=O)Oc2ccccc21,60.0,False
CN1CCN(c2ccc([N+](=O)[O-])c(N)c2)CC1,200.0,False
CNC(=O)C1CN(Cc2ccccc2)c2ccccc2O1,60.0,False
CNC(=O)[C@H](C)NC(=O)[C@H](CCCCNC(=O)C(C)(C)C)NC(=O)[C@H](C)NC(C)=O,40.0,False
CNC(=O)[C@H](C)NC(=O)[C@H](CCCCNC(=O)C=C(C)C)NC(=O)[C@H](C)NC(C)=O,6.1,False
CNC(=O)[C@H](C)NC(=O)[C@H](CCCCNC(C)=O)NC(=O)[C@H](C)NC(C)=O,88.0,False
CNC(=O)[C@H](C)NC(=O)[C@H](CCCCNC(C)=S)NC(=O)[C@H](C)NC(C)=O,0.4,False
CNC(=O)c1cc2ncnc(N3CCC(CCNC(=O)C(C)(C)C)CC3)c2s1,50.0,False
CNC(=O)c1ccc(C(=O)Nc2cccc(COc3cncc(C(N)=O)c3)c2)cc1,1.39,False
CNC(=O)c1ccccc1Nc1ccccc1,100.0,False
CNC(=S)NCCCC[C@H](NC(=O)OCc1ccccc1)C(=O)Nc1cccc(O)c1,100.0,False
CNC(=S)NCCCC[C@H](NC(=O)[C@H](CCCCNC(C)=O)NC(C)=O)C(=O)N[C@@H](CCCCNC(C)=O)C(N)=O,5.6,False
CNCCNc1c2c(c(NCCNC)c3occc13)C(=O)c1ccccc1C2=O,3.93,False
CNc1ccc(C(=O)Nc2cccc(COc3cncc(C(N)=O)c3)c2)cc1,2.82,False
COC(=O)/C=C/c1cccc(Nc2ccccc2C(N)=O)c1,65.0,False
COC(=O)Nc1ccc2c(c1)C(NC(=O)Nc1cccc(C#N)c1)CC(C)(C)O2,109.9,False
COC(=O)[C@H](C)NC(=O)[C@H](CCCCNC(=O)C(C)(C)C)NC(=O)[C@H](C)NC(C)=O,223.0,False
COC(=O)[C@H](C)NC(=O)[C@H](CCCCNC(=O)C=C(C)C)NC(=O)[C@H](C)NC(C)=O,46.0,False
COC(=O)[C@H](C)NC(=O)[C@H](CCCCNC(=O)CBr)NC(=O)[C@H](C)NC(C)=O,1767.0,False
COC(=O)[C@H](C)NC(=O)[C@H](CCCCNC(C)=O)NC(=O)[C@H](C)NC(C)=O,268.0,False
COC(=O)[C@H](C)NC(=O)[C@H](CCCCNC(C)=S)NC(=O)[C@H](C)NC(C)=O,1.0,False
COC(=O)[C@H](C)NC(=O)[C@H](CCCCNC(C)=S)NC(C)=O,51.0,False
COC(=O)c1ccc(C(=O)Nc2cccc(COc3cncc(C(N)=O)c3)c2)cc1,8.02,False
COC(=O)c1ccc(CN2CC(C(N)=O)Oc3ccccc32)cc1,3.45,False
COC(=O)c1ccc(Nc2ccccc2C(N)=O)cc1,100.0,False
COC(=O)c1cccc(Nc2ccccc2C(N)=O)c1,100.0,False
COC(=O)c1ccccc1CN1CC(C(N)=O)Oc2ccccc21,0.49,False
COC1=C(C(=O)c2ccccc2)C(=O)[C@]2(CC=C(C)C)C[C@@H](C(=O)O)C(C)(C)[C@@]1(CC=C(C)C)C2=O,30.0,False
COCC#CC1c2cc(O)c(OC)cc2CCN1C,570.0,False
COCCn1cc(COc2cccc(Cc3cnc(NC(=O)CSc4nc(C)cc(C)n4)s3)c2)nn1,100.0,False
COc1c(Br)cc(C(=O)NC(=S)Nc2ccc(NC(=O)CCCCN(C)C)cc2)cc1Br,47.2,False
COc1c(Cl)cc(C(=O)NC(=S)Nc2ccc(NC(=O)CCCCN(C)C)cc2)cc1Cl,62.5,False
COc1cc(-c2nn3c(-c4ccco4)nnc3s2)cc(OC)c1OC,35.6,False
COc1cc(C=C2C(=O)NC(=S)NC2=O)ccc1OCc1ccccc1Cl,6.7,False
COc1cc(C=C2C(=O)OC(C)(c3ccccc3)OC2=O)ccc1OCc1cccc(C(=O)O)c1,12.88,False
COc1cc(C=C2C(=O)OC(c3ccccc3)OC2=O)c(Br)cc1O,3.52,False
COc1cc(C=C2C(=O)OC(c3ccccc3)OC2=O)cc(Br)c1O,1.31,False
COc1cc(C=C2C(=O)OC(c3ccccc3)OC2=O)cc(C(=O)OCc2ccccc2)c1O,2.66,False
COc1cc(C=C2C(=O)OC(c3ccccc3)OC2=O)cc(Cc2ccccc2)c1O,2.47,False
COc1cc(C=C2C(=O)OC(c3ccccc3)OC2=O)cc(Cl)c1O,1.9,False
COc1cc(C=C2C(=O)OC(c3ccccc3)OC2=O)cc(I)c1O,0.89,False
COc1cc(C=C2C(=O)OC(c3ccccc3)OC2=O)cc(OC)c1O,11.9,False
COc1cc(C=C2C(=O)OC(c3ccccc3)OC2=O)cc([N+](=O)[O-])c1O,3.49,False
COc1cc(C=C2C(=O)OC(c3ccccc3)OC2=O)ccc1OCc1ccc2c(c1)OCO2,8.14,False
COc1cc(OC)c(C=C2C(=O)OC(C)(c3ccccc3)OC2=O)cc1Br,13.63,False
COc1cc2c(C(=O)c3ccc(Br)cc3)c(C)oc2c2ccccc12,300.0,False
COc1cc2ccccc2c(Cc2c(-c3ccc(C)cc3)[nH][nH]c2=O)c1O,26.0,False
COc1cc2ccccc2cc1Cn1cnc2sc3c(c2c1=O)CCC(NCc1cccnc1)C3,100.0,False
COc1ccc(-c2nn3c(-c4ccco4)nnc3s2)cc1,46.7,False
COc1ccc(-c2nn3c(-c4ccco4)nnc3s2)cc1OC,24.8,False
COc1ccc(C(=O)CNC(=O)[C@H](CCCCNC(C)=S)NC(=O)OCc2ccccc2)cc1,0.89,False
COc1ccc(C(=O)N2CC(C(N)=O)Oc3ccccc32)cc1,60.0,False
COc1ccc(C(=O)NC(=S)Nc2ccc(NC(=O)CCCCN(C)C)cc2)cc1,90.0,False
COc1ccc(C(=O)NC(=S)Nc2ccc(NC(=O)CCCCN(C)C)cc2)cc1C(F)(F)F,51.7,False
COc1ccc(C(=O)NN2C3=C(C(=O)CC(C)(C)C3)C(c3ccc(OCc4ccccc4)cc3)C3=C2CC(C)(C)CC3=O)c(OC)n1,25.018,False
COc1ccc(C(=O)c2coc3c2cc(O)c2ccccc23)cc1,256.0,False
COc1ccc(C=C2C(=O)OC(c3ccccc3)OC2=O)c(OC)c1OC,15.79,False
COc1ccc(CN2CC(C(N)=O)Oc3ccccc32)cc1,1.45,False
COc1ccc(CNC2CCc3c(sc4ncn(Cc5c(OC)ccc6ccccc56)c(=O)c34)C2)cc1,119.4,False
COc1ccc(Cc2nn3c(-c4ccco4)nnc3s2)cc1,76.9,False
COc1ccc(Cc2nn3c(-c4ccco4)nnc3s2)cc1OC,4.1,False
COc1ccc(Cn2c(-c3ccccc3)c(Cc3c(O)ccc4ccccc34)c(=O)[nH]c2=S)cc1,58.2,False
COc1ccc(Cn2cnc3sc4c(c3c2=O)CCC(NC2CCCC2)C4)c2ccccc12,13.83,False
COc1ccc(Cn2cnc3sc4c(c3c2=O)CCC(NCc2c(C)noc2C)C4)c2ccccc12,129.0,False
COc1ccc(NC(=O)N2CC(C(N)=O)Oc3ccccc32)cc1,60.0,False
COc1ccc(Nc2ccccc2C(N)=O)cc1,100.0,False
COc1ccc(O)c(C(=O)c2coc3ccc(O)cc23)c1,45.1,False
COc1ccc(O)cc1C(=O)c1coc2ccc(O)cc12,41.7,False
COc1ccc(OC)c(C(=O)c2coc3cc(Br)c(O)c(Br)c23)c1,300.0,False
COc1ccc(OC)c(C(=O)c2coc3ccc(O)c(CN4CCOCC4)c23)c1,300.0,False
COc1ccc(OC)c(C(=O)c2coc3ccc(O)cc23)c1,300.0,False
COc1ccc(OC)c(C(=O)c2coc3ccc(OC(C)=O)cc23)c1,300.0,False
COc1ccc(OC)c(C=C2C(=O)OC(C)(c3ccccc3)OC2=O)c1,16.75,False
COc1ccc(OCc2nn3c(-c4ccco4)nnc3s2)cc1,41.0,False
COc1ccc2[nH]c(=S)[nH]c2n1,21.4,False
COc1ccc2[nH]c3c(c2c1)CCCC3C(=O)O,2.8,False
COc1ccc2[nH]cc(CCNC(=O)[C@H](CCCCNC(C)=S)NC(=O)OCc3ccccc3)c2c1,5.98,False
COc1ccc2c(C=C3C(=O)NC(=S)NC3=O)cccc2c1,6.0,False
COc1ccc2ccccc2c1Cn1cnc2sc3c(c2c1=O)CCC(NCc1cccnc1)C3,100.0,False
COc1cccc(-c2nn3c(-c4ccco4)nnc3s2)c1,20.3,False
COc1cccc(CN2CC(C(N)=O)Oc3ccccc32)c1,2.13,False
COc1cccc(OCc2nn3c(-c4ccco4)nnc3s2)c1,48.4,False
COc1ccccc1C=C1C(=O)OC(C)(c2ccccc2)OC1=O,14.38,False
COc1ccccc1OCc1nn2c(-c3ccco3)nnc2s1,51.2,False
CS(=O)(=O)N1CC(C(N)=O)Oc2ccccc21,60.0,False
CS(=O)(=O)NCCC1CCN(c2ncnc3cc(C(N)=O)sc23)CC1,0.0043,True
CS(=O)(=O)NCCN1CCN(c2ncnc3cc(C(N)=O)sc23)CC1,0.38,False
CSCC[C@@H]1NC(=O)[C@@H](NC(=O)[C@H](CCCCNC(C)=S)NC(=O)[C@@H]2Cc3ccc(cc3)OCCCC(=O)N[C@@H](Cc3c[nH]cn3)C(=O)N2)Cc2ccc(cc2)OCCCCCNC1=O,0.54,False
CSCC[C@@H]1NC(=O)[C@@H](NC(=O)[C@H](CCCCNC(C)=S)NC(=O)[C@H](CCCCN)NC(=O)[C@H](Cc2c[nH]cn2)NC(C)=O)Cc2ccc(cc2)OCCCCCCCCCCNC1=O,56.7,False
CSCC[C@@H]1NC(=O)[C@@H](NC(=O)[C@H](CCCCNC(C)=S)NC(=O)[C@H](CCCCN)NC(=O)[C@H](Cc2c[nH]cn2)NC(C)=O)Cc2ccc(cc2)OCCCCCCCNC1=O,22.6,False
CSCC[C@@H]1NC(=O)[C@@H](NC(=O)[C@H](CCCCNC(C)=S)NC(=O)[C@H](CCCCN)NC(=O)[C@H](Cc2c[nH]cn2)NC(C)=O)Cc2ccc(cc2)OCCCCCNC1=O,13.6,False
CSCC[C@@H]1NC(=O)[C@@H](NC(=O)[C@H](CCCCNC(C)=S)NC(=O)[C@H](CCCCN)NC(=O)[C@H](Cc2c[nH]cn2)NC(C)=O)Cc2ccc(cc2)OCCCNC1=O,34.3,False
CSCC[C@H](NC(=O)[C@@H](NC(=O)[C@H](CCCCNC(C)=S)NC(=O)[C@H](CC(=O)O)NC(=O)[C@@H](N)CO)[C@@H](C)O)C(=O)O,1.4,False
CSCC[C@H](NC(=O)[C@@H]1CCCCNC(=O)CCC(=O)NCCCC[C@H](NC(C)=O)C(=O)N[C@@H](CCCCN)C(=O)N[C@@H](CCCCNC(C)=S)C(=O)N1)C(N)=O,0.0752,False
CSCC[C@H](NC(=O)[C@@H]1CCCCNC(=O)CCCCC(=O)NCCCC[C@H](NC(C)=O)C(=O)N[C@@H](CCCCN)C(=O)N[C@@H](CCCCNC(C)=S)C(=O)N1)C(N)=O,0.0635,False
CSCC[C@H](NC(=O)[C@@H]1CCCCNC(=O)CCCCCCC(=O)NCCCC[C@H](NC(C)=O)C(=O)N[C@@H](CCCCN)C(=O)N[C@@H](CCCCNC(C)=S)C(=O)N1)C(N)=O,0.0371,False
CSCC[C@H](NC(=O)[C@@H]1CCCCNC(=O)CNC(=O)CCC(=O)NCC(=O)NCCCC[C@H](NC(C)=O)C(=O)N[C@@H](CCCCN)C(=O)N[C@@H](CCCCNC(C)=S)C(=O)N1)C(N)=O,0.0567999999999999,False
CSCC[C@H](NC(=O)[C@@H]1CCCCNC(=O)CNC(=O)CCCCC(=O)NCC(=O)NCCCC[C@H](NC(C)=O)C(=O)N[C@@H](CCCCN)C(=O)N[C@@H](CCCCNC(C)=S)C(=O)N1)C(N)=O,0.0387,False
CSCC[C@H](NC(=O)[C@@H]1CCCCNC(=O)CNC(=O)CCCCCCC(=O)NCC(=O)NCCCC[C@H](NC(C)=O)C(=O)N[C@@H](CCCCN)C(=O)N[C@@H](CCCCNC(C)=S)C(=O)N1)C(N)=O,0.0023,False
CSCC[C@H](NC(=O)[C@H](C)NC(=O)[C@H](CCCCNC(C)=S)NC(=O)[C@H](CCCCN)NC(=O)[C@@H](N)Cc1cnc[nH]1)C(=O)O,0.18,False
CSCC[C@H](NC(=O)[C@H](CC(C)C)NC(=O)[C@H](CCCC/N=C(/C)S)NC(=O)[C@H](CCCCN)NC(=O)[C@H](Cc1c[nH]cn1)NC(=O)[C@H](CCCN=C(N)N)NC(=O)[C@H](CO)NC(=O)[C@@H](NC(=O)[C@H](CO)NC(=O)[C@H](CCC(N)=O)NC(=O)CNC(=O)[C@H](CCCCN)NC(=O)[C@@H](N)CCCCN)[C@@H](C)O)C(=O)N[C@@H](Cc1ccccc1)C(=O)N[C@@H](CCCCN)C(=O)N[C@H](C(=O)N[C@@H](CCC(=O)O)C(=O)NCC(=O)O)[C@@H](C)O,1.7,False
CSCC[C@H](NC(=O)[C@H](CC(C)C)NC(=O)[C@H](CCCCCC(N)=O)NC(=O)[C@H](CCCCN)NC(=O)[C@H](Cc1cnc[nH]1)NC(C)=O)C(N)=O,11.7,False
CSCC[C@H](NC(=O)[C@H](CC(C)C)NC(=O)[C@H](CCCCNC(C)=S)NC(=O)[C@@H](N)CCCCN)C(=O)O,0.33,False
CSCC[C@H](NC(=O)[C@H](CC(C)C)NC(=O)[C@H](CCCCNC(C)=S)NC(=O)[C@@H]1Cc2ccc(cc2)OCCCC(=O)N[C@@H](Cc2c[nH]cn2)C(=O)N1)C(N)=O,0.171,False
CSCC[C@H](NC(=O)[C@H](CC(C)C)NC(=O)[C@H](CCCCNC(C)=S)NC(=O)[C@@H]1Cc2ccc(cc2)OCCCCCC(=O)N[C@@H](Cc2c[nH]cn2)C(=O)N1)C(N)=O,0.646,False
CSCC[C@H](NC(=O)[C@H](CC(C)C)NC(=O)[C@H](CCCCNC(C)=S)NC(=O)[C@@H]1Cc2ccc(cc2)OCCCCCCCC(=O)N[C@@H](Cc2c[nH]cn2)C(=O)N1)C(N)=O,0.673,False
CSCC[C@H](NC(=O)[C@H](CC(C)C)NC(=O)[C@H](CCCCNC(C)=S)NC(=O)[C@@H]1Cc2ccc(cc2)OCCCCCCCCCCC(=O)N[C@@H](Cc2c[nH]cn2)C(=O)N1)C(N)=O,1.25,False
CSCC[C@H](NC(=O)[C@H](CC(C)C)NC(=O)[C@H](CCCCNC(C)=S)NC(=O)[C@H](C)NC(=O)[C@@H](N)Cc1cnc[nH]1)C(=O)O,0.55,False
CSCC[C@H](NC(=O)[C@H](CC(C)C)NC(=O)[C@H](CCCCNC(C)=S)NC(=O)[C@H](CC(=O)O)NC(=O)[C@@H](N)CO)C(=O)O,10.8,False
CSCC[C@H](NC(=O)[C@H](CC(C)C)NC(=O)[C@H](CCCCNC(C)=S)NC(=O)[C@H](CCCCN)NC(=O)[C@@H](N)Cc1cnc[nH]1)C(=O)O,0.33,False
CSCC[C@H](NC(=O)[C@H](CC(C)C)NC(=O)[C@H](CCCCNC(C)=S)NC(=O)[C@H](CCCCN)NC(=O)[C@H](C)N)C(=O)O,0.38,False
CSCC[C@H](NC(=O)[C@H](CC(C)C)NC(=O)[C@H](CCCCNC(C)=S)NC(=O)[C@H](CCCCN)NC(=O)[C@H](Cc1c[nH]cn1)NC(C)=O)C(N)=O,0.1651,False
CSCC[C@H](NC(=O)[C@H](CC(C)C)NC(=O)[C@H](CCCCNC(C)=S)NC(=O)[C@H](CCCCNC(C)=O)NC(=O)[C@H](Cc1c[nH]cn1)NC(C)=O)C(N)=O,4.1,False
CSCC[C@H](NC(=O)[C@H](CC(C)C)NC(=O)[C@H](CCCCNC(C)=S)NC(=O)[C@H](Cc1ccc(O)cc1)NC(=O)[C@H](Cc1c[nH]cn1)NC(C)=O)C(N)=O,4.2,False
CSCC[C@H](NC(=O)[C@H](CCCCNC(C)=O)NC(=O)[C@H](CCCCNC(C)=S)NC(=O)[C@H](CCCCN)NC(=O)[C@H](Cc1c[nH]cn1)NC(C)=O)C(N)=O,0.7,False
CSCC[C@H](NC(=O)[C@H](CCCCNC(C)=O)NC(=O)[C@H](CCCCNC(C)=S)NC(=O)[C@H](CCCCNC(C)=O)NC(=O)[C@H](Cc1c[nH]cn1)NC(C)=O)C(N)=O,2.0,False
CSCC[C@H](NC(=O)[C@H](Cc1ccc(O)cc1)NC(=O)[C@H](CCCCNC(C)=S)NC(=O)[C@H](CCCCN)NC(=O)[C@H](Cc1c[nH]cn1)NC(C)=O)C(N)=O,3.5,False
CSCC[C@H](NC(=O)[C@H](Cc1ccc(O)cc1)NC(=O)[C@H](CCCCNC(C)=S)NC(=O)[C@H](Cc1ccc(O)cc1)NC(=O)[C@H](Cc1c[nH]cn1)NC(C)=O)C(N)=O,6.0,False
C[C@@H](NC(=O)c1ccccc1/N=C/c1c(O)ccc2ccccc12)c1ccccc1,55.0,False
C[C@H](NC(=O)[C@H](CCCCNC(=O)Cc1ccc(/N=N/c2ccc(OCCc3ccccc3)cc2)cc1)NC(=O)OCc1ccccc1)C(N)=O,2.0,False
C[C@H](NC(=O)c1ccccc1/N=C/c1c(O)ccc2ccccc12)c1ccccc1,67.0,False
C[C@H](NC(=O)c1nc(-c2ncc(-c3ccccc3)s2)sc1C1CC1)c1ccc(C(=O)NO)cc1,20.0,False
C[n+]1c(CCc2c[nH]c3ccccc23)cc(N)c2ccccc21,0.12,False
Cc1[nH]c2ccccc2c1CCNCc1ccc(/C=C/C(=O)NO)cc1,20.0,True
Cc1c(C(N)=O)sc2c(N3CCC(CCNC(=O)C(C)(C)C)CC3)ncnc12,0.18,False
Cc1c(CC(N)=O)[nH]c2ccc(Cl)cc12,5.5,False
Cc1cc(C)nc(SCC(=O)Nc2cccc(COc3ccc(NC(=O)c4cccs4)cc3)c2)n1,300.0,False
Cc1cc(C)nc(SCC(=O)Nc2cccc(COc3ccc(NC(=O)c4cnn(C)c4)cc3)c2)n1,100.0,True
Cc1cc(C)nc(SCC(=O)Nc2ncc(Cc3ccc4ccccc4c3)s2)n1,100.0,False
Cc1cc(C)nc(SCC(=O)Nc2ncc(Cc3cccc(OCc4cn(CCCCNC(=O)COc5cccc6c5C(=O)N(C5CCC(=O)NC5=O)C6=O)nn4)c3)s2)n1,100.0,False
Cc1cc(C)nc(SCC(=O)Nc2ncc(Cc3cccc(OCc4cn(CCOCCOCCOCCOCCOCCOCCOCCOCCOCCOCCOCCNC(=O)CCCCC5SCC6NC(=O)NC65)nn4)c3)s2)n1,100.0,False
Cc1cc(C)nc(SCC(=O)Nc2ncc(Cc3cccc(OCc4cn(Cc5ccccc5)nn4)c3)s2)n1,100.0,True
Cc1cc(C)nc(SCC(=O)Nc2ncc(Cc3cccc4ccc(Cl)cc34)s2)n1,100.0,False
Cc1cc(C)nc(SCC(=O)Nc2ncc(Cc3cccc4ccccc34)s2)n1,100.0,True
Cc1cc(C)nc(SCC(=O)Nc2ncc(Cc3ccccc3)s2)n1,75.0,True
Cc1cc(C=C2C(=O)OC(c3ccccc3)OC2=O)c(C)cc1O,4.4,False
Cc1cc(C=C2C(=O)OC(c3ccccc3)OC2=O)cc(C)c1O,3.07,False
Cc1cc(C=C2C(=O)OC(c3ccccc3)OC2=O)ccc1O,5.41,False
Cc1cc(Cl)c(O)c(Cc2c(O)c(Cl)cc(Cl)c2Cl)c1Cl,34.0,False
Cc1cc2occ(C(=O)c3ccc(Cl)cc3)c2cc1O,88.0,False
Cc1ccc(-c2[nH][nH]c(=O)c2Cc2c(O)ccc3cc(-c4ccccc4)ccc23)cc1,41.0,False
Cc1ccc(-c2[nH][nH]c(=O)c2Cc2c(O)ccc3cc(Br)ccc23)cc1,37.0,False
Cc1ccc(-c2[nH]c(=S)[nH]c(=O)c2Cc2c(O)ccc3ccccc23)cc1,44.5,False
Cc1ccc(-c2[nH]oc(=O)c2Cc2c(O)ccc3cc(Br)ccc23)cc1,200.0,False
Cc1ccc(-c2n[nH]c3c2CCCC3C(N)=O)cc1,6.2,False
Cc1ccc(-c2nc3c(=O)n(C)c(=O)nc-3n(C)n2)cc1,0.11,False
Cc1ccc(-c2nn3c(-c4ccco4)nnc3s2)cc1,27.4,False
Cc1ccc(C(=O)NC(=S)Nc2ccc(NC(=O)CCCCN(C)C)cc2)cc1,90.0,False
Cc1ccc(C(=O)NC(=S)Nc2ccc(NC(=O)CCCCN(C)C)cc2)cc1Br,43.9,False
Cc1ccc(C(=O)Nc2ccc(S(=O)(=O)O)c3cc(S(=O)(=O)O)cc(S(=O)(=O)O)c23)cc1NC(=O)c1cccc(NC(=O)Nc2cccc(C(=O)Nc3cc(C(=O)Nc4ccc(S(=O)(=O)O)c5cc(S(=O)(=O)O)cc(S(=O)(=O)O)c45)ccc3C)c2)c1,1.6,True
Cc1ccc(C(=O)Nc2ccc(S(=O)(=O)[O-])c3cc(S(=O)(=O)[O-])cc(S(=O)(=O)[O-])c23)cc1NC(=O)c1cccc(NC(=O)Nc2cccc(C(=O)Nc3cc(C(=O)Nc4ccc(S(=O)(=O)[O-])c5cc(S(=O)(=O)[O-])cc(S(=O)(=O)[O-])c45)ccc3C)c2)c1,0.3,False
Cc1ccc(C(=O)Nc2cccc(COc3cncc(C(N)=O)c3)c2)cc1,8.54,False
Cc1ccc(C(=O)Nc2cccc(COc3cncc(C(N)=O)c3)c2)cc1[N+](=O)[O-],7.14,False
Cc1ccc(C(=O)Nc2cccc3c(Oc4cncc(C(N)=O)c4)cccc23)cc1,18.7,False
Cc1ccc(C(=O)Nc2cccc3c(Oc4cncc(C(N)=O)c4)cccc23)cc1[N+](=O)[O-],100.0,False
Cc1ccc(C(=O)Nc2cccc3cc(Oc4cncc(C(N)=O)c4)ccc23)cc1,3.82,False
Cc1ccc(C(=O)Nc2cccc3cc(Oc4cncc(C(N)=O)c4)ccc23)cc1[N+](=O)[O-],0.788,False
Cc1ccc(C(=O)c2coc3c2cc(O)c2ccccc23)cc1,300.0,False
Cc1ccc(C2CC(=O)Nc3ccc4cc(C)ccc4c32)cc1,0.098,False
Cc1ccc(CCOc2cccc(Nc3ccccc3C(N)=O)c2)cc1,100.0,False
Cc1ccc(NC(=O)N2CC(C(N)=O)Oc3ccccc32)cc1,60.0,False
Cc1ccc(Nc2ccccc2C(N)=O)cc1,100.0,False
Cc1ccc(OCc2nn3c(-c4ccco4)nnc3s2)cc1,29.3,False
Cc1ccc(OCc2nn3c(-c4ccco4)nnc3s2)cc1C,28.7,False
Cc1ccc(S(=O)(=O)N2CC(C(N)=O)Oc3ccccc32)cc1,60.0,False
Cc1ccc2[nH]c3c(c2c1)CCCC3(C)C(N)=O,13.0,False
Cc1ccc2[nH]c3c(c2c1)CCCC3C(=O)O,3.1,False
Cc1ccc2[nH]c3c(c2c1)CCCC3C(N)=O,1.3525,False
Cc1ccc2[nH]c3c(c2c1)CCCC3CN,100.0,False
Cc1ccc2[nH]c3c(c2c1)CCCCC3C(N)=O,0.64,False
Cc1ccc2[nH]cc(C(=O)On3nnc4ccccc43)c2c1,51.9,False
Cc1ccc2c(c1)c1c(n2C)C(C(N)=O)CCC1,100.0,False
Cc1ccc2nc(O)c(C=C3C(=O)NC(=S)NC3=O)cc2c1,13.0,False
Cc1cccc(-c2[nH]c(=S)[nH]c(=O)c2Cc2c(O)ccc3ccccc23)c1,44.2,False
Cc1cccc(-c2nn3c(-c4ccco4)nnc3s2)c1,7.5,False
Cc1cccc(C(=O)NC(=S)Nc2ccc(NC(=O)CCCCN(C)C)cc2)c1,90.0,False
Cc1cccc(C(=O)Nc2cccc(COc3cncc(C(N)=O)c3)c2)c1,30.4,False
Cc1cccc(C)c1CN1CC(C(N)=O)Oc2ccccc21,37.4,False
Cc1cccc(CCOc2cccc(Nc3ccccc3C(N)=O)c2)c1,100.0,False
Cc1cccc(Nc2ccccc2C(N)=O)c1,68.0,False
Cc1cccc(OCc2nn3c(-c4ccco4)nnc3s2)c1,75.3,False
Cc1ccccc1-c1[nH]c(=S)[nH]c(=O)c1Cc1c(O)ccc2ccccc12,43.0,False
Cc1ccccc1C(=O)NC(=S)Nc1ccc(NC(=O)CCCCN(C)C)cc1,90.0,False
Cc1ccccc1C(=O)Nc1cccc(COc2cncc(C(N)=O)c2)c1,192.0,False
Cc1ccccc1CCOc1cccc(Nc2ccccc2C(N)=O)c1,100.0,False
Cc1ccccc1CN1CC(C(N)=O)Oc2ccccc21,2.49,False
Cc1ccccc1OCc1nn2c(-c3ccco3)nnc2s1,18.7,False
Cc1oc2ccc(O)cc2c1C(=O)c1ccc(Br)cc1,243.0,False
Clc1ccc(Cc2nn3c(-c4ccco4)nnc3s2)cc1,78.0,False
Cn1c(-c2ccccc2)c(Cc2c(O)ccc3ccccc23)c(=O)[nH]c1=S,90.0,False
Cn1c(-c2n[nH]c3c2CCCC3C(N)=O)cc2ccccc21,2.7,False
Cn1c(=O)c2cc(S(=O)(=O)Nc3ccc(Cc4ccncc4)cc3)ccc2n(C)c1=O,6521.0,False
Cn1c(=O)nc2oc3ccc4ccccc4c3cc-2c1=O,7.0,False
Cn1c(=O)nc2oc3ccccc3cc-2c1=O,10.5,False
Cn1c(COCc2ccc(C(F)(F)F)cc2)c(/C=C2/C(=O)ON=C2C(F)(F)F)c2cc(F)ccc21,37.36,False
Cn1cc(C2=C(c3cn(CCCSC(=N)N)c4ccccc34)C(=O)NC2=O)c2ccccc21,3.5,True
Cn1ncnc2c(=O)n(C)c(=O)nc1-2,0.87,True
Fc1ccc(-c2ccc(-c3nn4c(-c5ccco5)nnc4s3)o2)cc1,100.0,False
Fc1cccc(-n2cc(CSC(=S)N3CCN(C(=S)SCc4cn(-c5ccccc5F)nn4)CC3)nn2)c1,1.08,False
N#C/C(=C/c1ccc(-c2cc(Cl)ccc2Cl)o1)C(=O)Nc1cccc2ncccc12,40.0,False
N#C/C(=C\c1ccc(-c2cc(Cl)ccc2Cl)o1)C(=O)Nc1cccc2cccnc12,50.0,False
N#C/C(=C\c1ccc(-c2cc(Cl)ccc2Cl)o1)C(=O)Nc1cccc2ncccc12,50.0,False
N#C/C(=C\c1ccc(-c2cccc(C(F)(F)F)c2)o1)C(=O)Nc1cccc2cccnc12,50.0,False
N#C/C(=C\c1ccc(-c2cccc(C(F)(F)F)c2)o1)C(=O)Nc1cccc2ncccc12,50.0,False
N#C/C(=C\c1ccc(-c2cccc(Cl)c2Cl)o1)C(=O)Nc1cccc2cccnc12,50.0,False
N#C/C(=C\c1ccc(-c2cccc(Cl)c2Cl)o1)C(=O)Nc1cccc2ncccc12,50.0,False
N#C/C(=C\c1ccc(-c2ccccc2Cl)o1)C(=O)Nc1cccc2cccnc12,50.0,False
N#C/C(=C\c1ccc(-c2ccccc2Cl)o1)C(=O)Nc1cccc2ncccc12,50.0,False
N#CC1=C(N)NC(SCC(=O)c2ccc(O)c(O)c2)=C(C#N)C1=C1C=CC(=O)C=C1,16.35,False
N#Cc1ccc(CNC2CCc3c(sc4ncn(Cc5cccc6cccnc56)c(=O)c34)C2)cc1,42.12,False
N#Cc1cccc(CN2CC(C(N)=O)Oc3ccccc32)c1,0.43,False
N#Cc1cccc(NC(=O)N2CC(C(N)=O)Oc3ccccc32)c1,60.0,False
N#Cc1ccccc1CN1CC(C(N)=O)Oc2ccccc21,0.22,False
N=C(Nc1ccccc1)SC1CC(=O)N(c2ccc(C(=O)O)cc2)C1=O,3466.0,False
NC(=O)C1CCCC2c3cc(Cl)ccc3NC12,0.76,False
NC(=O)C1CCCCc2c(-c3ccc(Cl)cc3)n[nH]c21,2.1,False
NC(=O)C1CCCCc2c1[nH]c1ccc(Cl)cc21,0.18,False
NC(=O)C1CCCc2c(-c3cc(Br)cs3)n[nH]c21,11.0,False
NC(=O)C1CCCc2c(-c3cc4ccccc4o3)n[nH]c21,3.1,False
NC(=O)C1CCCc2c(-c3cc4ccccc4s3)n[nH]c21,1.7,False
NC(=O)C1CCCc2c(-c3ccc(Br)cc3)n[nH]c21,1.9,False
NC(=O)C1CCCc2c(-c3ccc(Cl)c(Cl)c3)n[nH]c21,1.2,False
NC(=O)C1CCCc2c(-c3ccc(Cl)c(F)c3)n[nH]c21,2.6,False
NC(=O)C1CCCc2c(-c3ccc(Cl)cc3)n[nH]c21,1.0,False
NC(=O)C1CCCc2c(-c3nc4ccccc4s3)n[nH]c21,2.2,False
NC(=O)C1CCCc2c1[nH]c1ccc(Cl)cc21,0.25,False
NC(=O)C1CCCc2c1[nH]c1ccc(O)cc21,15.0,False
NC(=O)C1CCCc2c1[nH]c1ccccc21,1.47,False
NC(=O)C1CCc2c([nH]c3ccc(Br)cc23)C1,2.44,False
NC(=O)C1CCc2c([nH]c3ccc(Cl)cc23)C1,34.5,False
NC(=O)C1CCc2c1[nH]c1ccc(Cl)cc21,0.409,False
NC(=O)C1CCc2c1[nH]c1ccccc21,2.67,False
NC(=O)C1CN(C(=O)c2ccc(CCl)cc2)c2ccccc2O1,48.8,False
NC(=O)C1CN(C(=O)c2ccccc2)c2ccccc2O1,60.0,False
NC(=O)C1CN(C(=O)c2cccnc2)c2ccccc2O1,60.0,False
NC(=O)C1CN(Cc2cc(C(F)(F)F)cc(C(F)(F)F)c2)c2ccccc2O1,6.04,False
NC(=O)C1CN(Cc2ccc(-c3ccccc3)cc2)c2ccccc2O1,60.0,False
NC(=O)C1CN(Cc2ccc(C(F)(F)F)cc2)c2ccccc2O1,28.5,False
NC(=O)C1CN(Cc2ccc([N+](=O)[O-])cc2)c2ccccc2O1,1.06,False
NC(=O)C1CN(Cc2ccc3c(c2)OCO3)c2ccccc2O1,1.9,False
NC(=O)C1CN(Cc2ccc3nonc3c2)c2ccccc2O1,60.0,False
NC(=O)C1CN(Cc2cccc(Br)c2)c2ccccc2O1,1.27,False
NC(=O)C1CN(Cc2cccc([N+](=O)[O-])c2)c2ccccc2O1,0.23,False
NC(=O)C1CN(Cc2ccccc2)c2ccccc2O1,8.54,False
NC(=O)C1CN(Cc2ccccc2Br)c2ccccc2O1,0.56,False
NC(=O)C1CN(Cc2ccccc2C(=O)O)c2ccccc2O1,13.9,False
NC(=O)C1CN(Cc2ccccc2C(F)(F)F)c2ccccc2O1,0.97,False
NC(=O)C1CN(Cc2ccccc2Cl)c2ccccc2O1,0.67,False
NC(=O)C1CN(Cc2ccccc2F)c2ccccc2O1,1.77,False
NC(=O)C1CN(Cc2ccccc2I)c2ccccc2O1,0.47,False
NC(=O)C1CN(Cc2ccccc2N)c2ccccc2O1,4.91,False
NC(=O)C1CN(Cc2ccccc2O)c2ccccc2O1,0.82,False
NC(=O)C1CN(Cc2ccccc2[N+](=O)[O-])c2ccccc2O1,0.15,False
NC(=O)C1CN(Cc2ccccn2)c2ccccc2O1,2.1,False
NC(=O)C1CN(Cc2cccnc2)c2ccccc2O1,4.7,False
NC(=O)C1CN(Cc2cn(Cc3ccccc3)nn2)c2ccccc2O1,8.05,False
NC(=O)C1CN(Cc2cnnn2Cc2ccccc2)c2ccccc2O1,14.1,False
NC(=O)C1CN(Cc2csc(N)n2)c2ccccc2O1,1.48,False
NC(=O)C1CN(S(=O)(=O)c2cccc3ccccc23)c2ccccc2O1,60.0,False
NC(=O)C1CNc2ccccc2O1,60.0,False
NC(=O)C1NCCc2c1[nH]c1ccc(Br)cc21,100.0,False
NC(=O)C1NCCc2c1[nH]c1ccc(Cl)cc21,18.0,False
NC(=O)CCCCC[C@H](NC(=O)OCc1ccccc1)C(=O)Nc1ccccc1,1000.0,False
NC(=O)CNC(=O)C1CCCc2c1[nH]c1ccc(Cl)cc21,100.0,False
NC(=O)Cc1[nH]c2ccc(Cl)cc2c1CC(N)=O,100.0,False
NC(=O)Cc1[nH]c2ccc(Cl)cc2c1Cc1ccccc1,4.9,False
NC(=O)Cc1cc2cc(Cl)ccc2[nH]1,90.0,False
NC(=O)[C@@H]1CCCCc2c1[nH]c1ccc(Cl)cc21,23.0,False
NC(=O)[C@@H]1CCCc2c1[nH]c1ccc(Cl)cc21,0.544,False
NC(=O)[C@H]1CCCCc2c1[nH]c1ccc(Cl)cc21,0.063,True
NC(=O)[C@H]1CCCc2c1[nH]c1ccc(Cl)cc21,0.16,True
NC(=O)c1cc2ncnc(Cl)c2s1,50.0,False
NC(=O)c1cc2ncnc(N3CCC(CCN4CCCC4)CC3)c2s1,0.11,False
NC(=O)c1cc2ncnc(N3CCC(CCNC(=O)c4ccc(C(=O)O)s4)CC3)c2s1,0.014,False
NC(=O)c1cc2ncnc(N3CCC(CCNC(=O)c4cccs4)CC3)c2s1,0.0058,False
NC(=O)c1cc2ncnc(N3CCC(CN4CCCC4)CC3)c2s1,0.73,False
NC(=O)c1cc2ncnc(N3CCCCC3)c2s1,15.0,False
NC(=O)c1cc2ncnc(N3CCN(CCN4CCCC4)CC3)c2s1,0.053,False
NC(=O)c1ccc(C(=O)Nc2cccc(COc3cncc(C(N)=O)c3)c2)cc1,1.88,False
NC(=O)c1ccc[n+]([C@@H]2O[C@H](COP(=O)(O)OP(=O)(O)OC[C@H]3O[C@@H](n4cnc5c(N)ncnc54)[C@H](O)[C@@H]3O)[C@@H](O)[C@@H]2N)c1,176.2,False
NC(=O)c1cccc(Nc2ccccc2)c1,100.0,False
NC(=O)c1ccccc1Nc1ccc(-c2ccccc2)cc1,100.0,False
NC(=O)c1ccccc1Nc1ccc(-c2cn(Cc3ccccc3)nn2)cc1,100.0,False
NC(=O)c1ccccc1Nc1ccc(/C=C/c2ccccc2)cc1,100.0,False
NC(=O)c1ccccc1Nc1ccc(/C=C\c2ccccc2)cc1,100.0,False
NC(=O)c1ccccc1Nc1ccc(C(=O)Nc2ccccc2)cc1,100.0,False
NC(=O)c1ccccc1Nc1ccc(CCc2ccccc2)cc1,100.0,False
NC(=O)c1ccccc1Nc1ccc(Cl)cc1,56.0,True
NC(=O)c1ccccc1Nc1ccc(NC(=O)C2CCCCC2)cc1,100.0,False
NC(=O)c1ccccc1Nc1ccc(NC(=O)C2CCNCC2)cc1,100.0,False
NC(=O)c1ccccc1Nc1ccc(NC(=O)c2ccccc2)cc1,100.0,False
NC(=O)c1ccccc1Nc1ccc(NC(=O)c2ccccn2)cc1,100.0,False
NC(=O)c1ccccc1Nc1ccc(NC(=O)c2cccnc2)cc1,100.0,False
NC(=O)c1ccccc1Nc1ccc(NC(=O)c2ccncc2)cc1,100.0,False
NC(=O)c1ccccc1Nc1ccc(OCc2ccccc2)cc1,100.0,False
NC(=O)c1ccccc1Nc1ccc(Oc2ccccc2)cc1,100.0,False
NC(=O)c1ccccc1Nc1ccc2ccccc2c1,100.0,False
NC(=O)c1ccccc1Nc1cccc(-c2ccccc2)c1,52.0,False
NC(=O)c1ccccc1Nc1cccc(-c2cn(CCC3CCCC3)nn2)c1,100.0,False
NC(=O)c1ccccc1Nc1cccc(/C=C/C(=O)O)c1,58.0,False
NC(=O)c1ccccc1Nc1cccc(C(=O)NCc2ccccc2)c1,100.0,False
NC(=O)c1ccccc1Nc1cccc(C(=O)Nc2ccccc2)c1,100.0,False
NC(=O)c1ccccc1Nc1cccc(C(=O)O)c1,100.0,False
NC(=O)c1ccccc1Nc1cccc(CCC(=O)O)c1,93.0,False
NC(=O)c1ccccc1Nc1cccc(CCO)c1,72.0,False
NC(=O)c1ccccc1Nc1cccc(CO)c1,60.0,False
NC(=O)c1ccccc1Nc1cccc(NC(=O)Cc2ccccc2)c1,100.0,False
NC(=O)c1ccccc1Nc1cccc(NC(=O)c2ccccc2)c1,100.0,False
NC(=O)c1ccccc1Nc1cccc(OCC2CCCCC2)c1,210.0,False
NC(=O)c1ccccc1Nc1cccc(OCCCc2ccccc2)c1,300.0,False
NC(=O)c1ccccc1Nc1cccc(OCCc2ccc(Br)cc2)c1,100.0,False
NC(=O)c1ccccc1Nc1cccc(OCCc2ccc(C(F)(F)F)cc2)c1,100.0,False
NC(=O)c1ccccc1Nc1cccc(OCCc2ccc(Cl)cc2)c1,100.0,False
NC(=O)c1ccccc1Nc1cccc(OCCc2ccc(F)cc2)c1,100.0,False
NC(=O)c1ccccc1Nc1cccc(OCCc2cccc(Br)c2)c1,100.0,False
NC(=O)c1ccccc1Nc1cccc(OCCc2cccc(C(F)(F)F)c2)c1,100.0,False
NC(=O)c1ccccc1Nc1cccc(OCCc2cccc(Cl)c2)c1,100.0,False
NC(=O)c1ccccc1Nc1cccc(OCCc2cccc(F)c2)c1,100.0,False
NC(=O)c1ccccc1Nc1cccc(OCCc2ccccc2)c1,100.0,True
NC(=O)c1ccccc1Nc1cccc(OCCc2ccccc2Br)c1,100.0,False
NC(=O)c1ccccc1Nc1cccc(OCCc2ccccc2C(F)(F)F)c1,100.0,False
NC(=O)c1ccccc1Nc1cccc(OCCc2ccccc2Cl)c1,100.0,False
NC(=O)c1ccccc1Nc1cccc(OCCc2ccccc2F)c1,100.0,False
NC(=O)c1ccccc1Nc1cccc(OCc2ccccc2)c1,300.0,False
NC(=O)c1ccccc1Nc1cccc(Oc2ccccc2)c1,58.0,False
NC(=O)c1ccccc1Nc1cccc(Sc2ccccc2)c1,89.0,False
NC(=O)c1ccccc1Nc1ccccc1,17.0,False
NC(=O)c1ccccc1Oc1ccccc1,100.0,False
NC(=O)c1ccccc1Sc1ccccc1,78.0,False
NC(=O)c1cccnc1,88.0,True
NC(=O)c1cncc(Nc2ccc3ccccc3c2)c1,33.6,False
NC(=O)c1cncc(Nc2cccc3ccccc23)c1,40.9,False
NC(=O)c1cncc(OCc2cccc(NC(=O)/C=C/c3ccccc3)c2)c1,19.7,False
NC(=O)c1cncc(OCc2cccc(NC(=O)/C=C/c3ccccn3)c2)c1,48.5,False
NC(=O)c1cncc(OCc2cccc(NC(=O)/C=C/c3cccnc3)c2)c1,11.3,False
NC(=O)c1cncc(OCc2cccc(NC(=O)/C=C/c3ccncc3)c2)c1,3.47,False
NC(=O)c1cncc(OCc2cccc(NC(=O)C34CC5CC(CC(C5)C3)C4)c2)c1,200.0,False
NC(=O)c1cncc(OCc2cccc(NC(=O)C3=CCCCC3)c2)c1,21.8,False
NC(=O)c1cncc(OCc2cccc(NC(=O)C3CCCCC3)c2)c1,42.4,False
NC(=O)c1cncc(OCc2cccc(NC(=O)CCc3ccccc3)c2)c1,44.6,False
NC(=O)c1cncc(OCc2cccc(NC(=O)Cc3ccccc3)c2)c1,50.8,False
NC(=O)c1cncc(OCc2cccc(NC(=O)c3c[nH]c4ccccc34)c2)c1,1.81,False
NC(=O)c1cncc(OCc2cccc(NC(=O)c3cc4ccccc4[nH]3)c2)c1,7.33,False
NC(=O)c1cncc(OCc2cccc(NC(=O)c3cc4ccccc4o3)c2)c1,9.93,False
NC(=O)c1cncc(OCc2cccc(NC(=O)c3cc4ccccc4s3)c2)c1,1.62,False
NC(=O)c1cncc(OCc2cccc(NC(=O)c3ccc(-c4ccccc4)c(F)c3)c2)c1,115.0,False
NC(=O)c1cncc(OCc2cccc(NC(=O)c3ccc(-c4ccccc4)cc3)c2)c1,15.6,False
NC(=O)c1cncc(OCc2cccc(NC(=O)c3ccc(-c4ccccc4)nc3)c2)c1,18.8,False
NC(=O)c1cncc(OCc2cccc(NC(=O)c3ccc(-c4ccccn4)cc3)c2)c1,2.55,False
NC(=O)c1cncc(OCc2cccc(NC(=O)c3ccc(-c4cccnc4)c(F)c3)c2)c1,2.27,False
NC(=O)c1cncc(OCc2cccc(NC(=O)c3ccc(-c4cccnc4)cc3)c2)c1,1.55,False
NC(=O)c1cncc(OCc2cccc(NC(=O)c3ccc(-c4ccco4)nc3)c2)c1,14.9,False
NC(=O)c1cncc(OCc2cccc(NC(=O)c3ccc(-c4cccs4)cc3)c2)c1,106.0,False
NC(=O)c1cncc(OCc2cccc(NC(=O)c3ccc(-c4cccs4)nc3)c2)c1,145.0,False
NC(=O)c1cncc(OCc2cccc(NC(=O)c3ccc(-c4ccncc4)c(F)c3)c2)c1,2.23,False
NC(=O)c1cncc(OCc2cccc(NC(=O)c3ccc(-c4ccncc4)cc3)c2)c1,0.974,False
NC(=O)c1cncc(OCc2cccc(NC(=O)c3ccc(-c4nccs4)cc3)c2)c1,13.4,False
NC(=O)c1cncc(OCc2cccc(NC(=O)c3ccc(-n4cccc4)cc3)c2)c1,14.7,False
NC(=O)c1cncc(OCc2cccc(NC(=O)c3ccc(-n4cccc4)nc3)c2)c1,1.23,False
NC(=O)c1cncc(OCc2cccc(NC(=O)c3ccc(-n4cccn4)cc3)c2)c1,3.51,False
NC(=O)c1cncc(OCc2cccc(NC(=O)c3ccc(-n4cccn4)nc3)c2)c1,11.3,False
NC(=O)c1cncc(OCc2cccc(NC(=O)c3ccc(-n4ccnc4)cc3)c2)c1,0.237,False
NC(=O)c1cncc(OCc2cccc(NC(=O)c3ccc(-n4cnnc4)cc3)c2)c1,0.367,False
NC(=O)c1cncc(OCc2cccc(NC(=O)c3ccc(C(=O)O)cc3)c2)c1,142.0,False
NC(=O)c1cncc(OCc2cccc(NC(=O)c3ccc(C4CCCCC4)cc3)c2)c1,71.5,False
NC(=O)c1cncc(OCc2cccc(NC(=O)c3ccc(F)c(F)c3)c2)c1,7.97,False
NC(=O)c1cncc(OCc2cccc(NC(=O)c3ccc(F)cc3)c2)c1,4.19,False
NC(=O)c1cncc(OCc2cccc(NC(=O)c3ccc(F)cc3F)c2)c1,31.4,False
NC(=O)c1cncc(OCc2cccc(NC(=O)c3ccc(N4CCCC4)cc3)c2)c1,5.66,False
NC(=O)c1cncc(OCc2cccc(NC(=O)c3ccc(N4CCCCC4)cc3)c2)c1,6.32,False
NC(=O)c1cncc(OCc2cccc(NC(=O)c3ccc(N4CCNCC4)cc3)c2)c1,2.08,False
NC(=O)c1cncc(OCc2cccc(NC(=O)c3ccc(N4CCOCC4)cc3)c2)c1,6.56,False
NC(=O)c1cncc(OCc2cccc(NC(=O)c3ccc(OCc4ccccc4)cc3)c2)c1,200.0,False
NC(=O)c1cncc(OCc2cccc(NC(=O)c3ccc(Oc4ccccc4)cc3)c2)c1,200.0,False
NC(=O)c1cncc(OCc2cccc(NC(=O)c3ccc4cc[nH]c4c3)c2)c1,2.23,False
NC(=O)c1cncc(OCc2cccc(NC(=O)c3ccc4ccccc4c3)c2)c1,52.1,False
NC(=O)c1cncc(OCc2cccc(NC(=O)c3ccc4cn[nH]c4c3)c2)c1,0.483,False
NC(=O)c1cncc(OCc2cccc(NC(=O)c3cccc(F)c3)c2)c1,10.1,False
NC(=O)c1cncc(OCc2cccc(NC(=O)c3cccc4ccccc34)c2)c1,192.0,False
NC(=O)c1cncc(OCc2cccc(NC(=O)c3ccccc3)c2)c1,12.5,False
NC(=O)c1cncc(OCc2cccc(NC(=O)c3ccccc3F)c2)c1,30.2,False
NC(=O)c1cncc(OCc2cccc(NC(=O)c3ccccn3)c2)c1,20.3,False
NC(=O)c1cncc(OCc2cccc(NC(=O)c3cccnc3)c2)c1,18.7,False
NC(=O)c1cncc(OCc2cccc(NC(=O)c3cccnn3)c2)c1,90.9,False
NC(=O)c1cncc(OCc2cccc(NC(=O)c3cccs3)c2)c1,9.5,False
NC(=O)c1cncc(OCc2cccc(NC(=O)c3ccncc3)c2)c1,2.46,False
NC(=O)c1cncc(OCc2cccc(NC(=O)c3ccncn3)c2)c1,15.5,False
NC(=O)c1cncc(OCc2cccc(NC(=O)c3ccnnc3)c2)c1,7.92,False
NC(=O)c1cncc(OCc2cccc(NC(=O)c3cnccn3)c2)c1,33.3,False
NC(=O)c1cncc(OCc2cccc(NC(=O)c3csc4ccccc34)c2)c1,8.09,False
NC(=O)c1cncc(OCc2cccc(NC(=O)c3nc4ccccc4s3)c2)c1,65.2,False
NC(=O)c1cncc(Oc2ccc3c(NC(=O)c4cccc([N+](=O)[O-])c4)cccc3c2)c1,11.7,False
NC(=O)c1cncc(Oc2ccc3c(NC(=O)c4ccccc4)cccc3c2)c1,22.4,False
NC(=O)c1cncc(Oc2ccc3ccccc3c2)c1,13.5,False
NC(=O)c1cncc(Oc2cccc3c(NC(=O)c4cccc([N+](=O)[O-])c4)cccc23)c1,64.0,False
NC(=O)c1cncc(Oc2cccc3c(NC(=O)c4ccccc4)cccc23)c1,12.0,False
NC(=O)c1cncc(Oc2cccc3c(NC(=O)c4cccnc4)cccc23)c1,70.7,False
NC(=O)c1cncc(Oc2cccc3c(NC(=O)c4ccncc4)cccc23)c1,15.4,False
NC(=O)c1cncc(Oc2cccc3ccccc23)c1,4.89,False
NC(=O)c1cncc(Sc2ccc3ccccc3c2)c1,26.9,False
NC(=O)c1cncc(Sc2cccc3ccccc23)c1,30.3,False
NCCC1CCN(c2ncnc3cc(C(N)=O)sc23)CC1,1.6,False
NCCn1c(=S)[nH]c2cc([N+](=O)[O-])ccc21,7.7,False
Nc1c(Br)cc(C=C2C(=O)OC(c3ccccc3)OC2=O)cc1Br,7.63,False
Nc1c(I)cc(C=C2C(=O)OC(c3ccccc3)OC2=O)cc1I,10.21,False
Nc1cc(C(=O)Nc2cccc(C(=O)Nc3ccc(S(=O)(=O)[O-])c4cc(S(=O)(=O)[O-])cc(S(=O)(=O)[O-])c34)c2)cc(C(=O)Nc2cccc(C(=O)Nc3ccc(S(=O)(=O)[O-])c4cc(S(=O)(=O)[O-])cc(S(=O)(=O)[O-])c34)c2)c1,46.5465,False
Nc1cc(NC(=O)Nc2cccc(C(=O)Nc3cccc(C(=O)Nc4ccc(S(=O)(=O)[O-])c5cc(S(=O)(=O)[O-])cc(S(=O)(=O)[O-])c45)c3)c2)cc(C(=O)Nc2cccc(C(=O)Nc3ccc(S(=O)(=O)[O-])c4cc(S(=O)(=O)[O-])cc(S(=O)(=O)[O-])c34)c2)c1,0.093,False
Nc1ccccc1NC(=O)c1ccc(CNC(=O)OCc2cccnc2)cc1,100.0,False
Nc1ncnc2c1nc(-c1ccccc1)n2[C@@H]1O[C@H](COP(=O)(O)O)[C@@H](O)[C@H]1O,31.0,False
O=C(/C=C/c1ccc(O)c(O)c1)NC(Cc1c[nH]c2ccccc12)C(=O)O,34.0,False
O=C(/C=C/c1ccc(OCc2ccc(F)cc2)cc1)NC1(C(=O)NCCc2c[nH]c3ccc(F)cc23)CCNCC1,73.0,False
O=C(/C=C/c1ccc(OCc2ccccc2)cc1)NC1(C(=O)NCCc2c[nH]c3ccccc23)CCNCC1,52.0,False
O=C(C1CN(Cc2ccccc2)c2ccccc2O1)N1CCCCC1,60.0,False
O=C(CCCCCCNC(=O)c1cnc(N(c2ccccc2)c2ccccc2)nc1)NO,5.5,True
O=C(NC(c1ccccc1)c1ccccc1)c1cc(-c2cc3ccccc3o2)nc2ccccc12,171.2,False
O=C(NCc1nc(-c2cccnc2)n[nH]1)c1cnccn1,1470.0,False
O=C(NNC(=S)Nc1ccc(C(F)(F)F)cc1)c1nc(-c2cccc3ccccc23)no1,318.0,False
O=C(NNC(=S)Nc1cccc(C(F)(F)F)c1)c1nc(-c2cccc3ccccc23)no1,13.0,False
O=C(NO)C1CCCc2c1[nH]c1ccc(Cl)cc21,77.6,False
O=C(NO)c1ccc(CNc2cccc3cccnc23)cc1,20.0,False
O=C(NO)c1ccc(CNc2cccc3ncccc23)cc1,20.0,False
O=C(Nc1ccc(C(=O)O)c(O)c1)c1ccc(NC(=O)c2ccco2)cc1,599.0,False
O=C(Nc1ccc(O)c(C(=O)O)c1)c1ccc(NC(=O)c2ccco2)cc1,783.0,False
O=C(Nc1ccc(O)c(C(=O)O)c1)c1cccc(NC(=O)c2ccco2)c1,1578.0,False
O=C(Nc1ccc(O)cc1C(=O)O)c1ccc(N2C(=O)c3ccccc3C2=O)cc1,424.0,False
O=C(Nc1ccc2c(O)cc(S(=O)(=O)[O-])cc2c1)Nc1ccc2c(O)cc(S(=O)(=O)[O-])cc2c1,32.0,False
O=C(Nc1cccc(Br)c1)c1cccc(S(=O)(=O)N2CCCCCC2)c1,50.0,False
O=C(Nc1cnccc1Br)c1cccc(-c2ccc3ccccc3c2)c1,100.0,False
O=C(O)C1CCCc2c1[nH]c1ccc(Cl)cc21,100.0,False
O=C(O)C1CN(Cc2ccccc2)c2ccccc2O1,60.0,False
O=C(O)C1CNc2ccccc2O1,60.0,False
O=C(O)CC(=S)NCCCC[C@H](NC(=O)OCc1ccccc1)C(=O)Nc1ccccc1,256.0,False
O=C(O)CCN1Cc2ccccc2C1=O,80.0,False
O=C(O)CCNC(=S)NCCCNc1nc(CCc2c[nH]c3ccccc23)ncc1C(=O)O,600.0,False
O=C(O)c1ccc2[nH]c(=S)[nH]c2c1,29.3,False
O=C(O)c1ccccc1Nc1ccccc1,68.0,True
O=C(On1nnc2ccccc21)c1c[nH]c2ccccc12,200.0,False
O=C(On1nnc2ccccc21)c1cc[nH]c1,200.0,False
O=C(On1nnc2ccccc21)c1ccc[nH]1,200.0,False
O=C(On1nnc2ncccc21)c1c[nH]c2ccc(Br)cc12,40.3,False
O=C(c1cc(O)ccc1O)c1coc2ccc(O)cc12,421.4,False
O=C(c1ccc(Br)cc1)c1coc2c1cc(O)c1ccccc12,146.0,False
O=C(c1ccc(Br)cc1)c1coc2ccc(O)cc12,240.0,False
O=C(c1ccc(Cl)cc1)N1CCN(c2ccc([N+](=O)[O-])c3ncccc23)CC1,50.0,False
O=C(c1ccc(OCc2ccccc2)cc1)c1coc2cc(Br)c(O)c(Br)c12,300.0,False
O=C(c1cccc(O)c1)c1coc2ccc(O)cc12,31.2,False
O=C(c1ccccc1)c1coc2c1cc(O)c1ccccc12,300.0,False
O=C(c1ccccc1)c1coc2cc(Br)c(O)c(Br)c12,198.0,False
O=C(c1ccccc1)c1coc2ccc(O)c(CN3CCOCC3)c12,300.0,False
O=C(c1ccccc1O)c1coc2ccc(O)cc12,71.4,False
O=C1/C(=C/c2cc(Br)ccc2O)Oc2ccccc21,1.0,False
O=C1CC(=S)NC(=O)/C1=C/c1cc2ccccc2[nH]1,5.9,False
O=C1CCc2c(ccc3ccccc23)O1,298.1,False
O=C1CNC(=O)[C@H](CCCCNC(=S)CNC(=O)c2ccccc2Nc2cccc(OCCc3ccccc3)c2)N1,77.4,False
O=C1Cc2c([nH]c3ccccc23)-c2ccccc2N1,29.0,False
O=C1N/C(=C\c2ccc(N3CCCC3)cc2)C(=O)N1Cc1ccc(Cl)cc1,38.6,False
O=C1N/C(=C\c2ccc(O)c(Cl)c2)C(=O)N1Cc1ccc(F)cc1,32.1,False
O=C1N=C2Oc3ccccc3CC2C(=O)N1c1ccccc1,4.2,False
O=C1NC(=S)NC(=O)C1=Cc1c[nH]c2ccccc12,5.9,False
O=C1NC(=S)NC(=O)C1=Cc1cc2ccccc2[nH]1,6.0,False
O=C1NC(=S)NC(=O)C1=Cc1ccc(-c2cccc(Cl)c2Cl)o1,3.4,False
O=C1NC(=S)NC(=O)C1=Cc1ccc(-c2ccccc2)cc1,51.0,False
O=C1NC(=S)NC(=O)C1=Cc1ccc(OCc2ccc(Br)cc2)cc1,9.9,False
O=C1NC(=S)NC(=O)C1=Cc1ccc(OCc2ccccc2)cc1,10.5,False
O=C1NC(=S)NC(=O)C1=Cc1cccc2ccccc12,13.0,False
O=C1NC(=S)NC(=O)C1=Cc1cn(Cc2ccccc2)c2ccccc12,28.4,False
O=C1Nc2c(ccc(Cl)c2Cl)/C1=C/c1cc(Br)c(O)c(Br)c1,40.3,False
O=C1Nc2c(ccc(Cl)c2Cl)/C1=C\c1cc(Br)c(O)c(Br)c1,40.0,False
O=C1OC(c2ccccc2)OC(=O)C1=Cc1cc(Br)c(O)c(Br)c1,0.7,False
O=C1OC(c2ccccc2)OC(=O)C1=Cc1cc(Br)c(O)c(OCc2ccccc2)c1,0.68,False
O=C1OC(c2ccccc2)OC(=O)C1=Cc1cc(Cl)c(O)c(Cl)c1,1.2,False
O=C1OC(c2ccccc2)OC(=O)C1=Cc1cc(F)c(O)c(F)c1,4.54,False
O=C1OC(c2ccccc2)OC(=O)C1=Cc1cc(I)c(O)c(I)c1,0.46,False
O=C1OC(c2ccccc2)OC(=O)C1=Cc1cc(I)c(O)c(OCc2ccccc2)c1,0.61,False
O=C1OC(c2ccccc2)OC(=O)C1=Cc1ccc(Cl)cc1,18.81,False
O=C1OC(c2ccccc2)OC(=O)C1=Cc1ccc(O)c(Br)c1,1.4,False
O=C1OC(c2ccccc2)OC(=O)C1=Cc1ccc(O)c(Cl)c1,3.84,False
O=C1OC(c2ccccc2)OC(=O)C1=Cc1ccc(O)c(F)c1,4.65,False
O=C1OC(c2ccccc2)OC(=O)C1=Cc1ccc(O)c(OCC2CC2)c1,2.48,False
O=C1OC(c2ccccc2)OC(=O)C1=Cc1ccc(O)c(OCc2ccccc2)c1,2.52,False
O=C1OC(c2ccccc2)OC(=O)C1=Cc1ccc(O)cc1,6.33,False
O=C1OC(c2ccccc2)OC(=O)C1=Cc1ccc(O)cc1Br,3.56,False
O=C1OC(c2ccccc2)OC(=O)C1=Cc1ccc(O)cc1F,3.76,False
O=C1OC(c2ccccc2)OC(=O)C1=Cc1ccc(OCc2cccc(C(=O)O)c2)cc1,10.04,False
O=C1Oc2ccc3cc(Br)ccc3c2CC1c1ccccc1,5.0,False
O=C1Oc2ccc3ccccc3c2CC1C(=O)c1ccccc1,112.0,False
O=C1Oc2ccc3ccccc3c2CC1C(=O)c1ccccc1Cl,89.8,False
O=C1c2cccc3cccc(c23)C(=O)N1CCCNCCCCCCCCCNCCCN1C(=O)c2cccc3cccc(c23)C1=O,97.4,False
O=C1c2cccc3cccc(c23)C(=O)N1CCNCCCNCCCNCCN1C(=O)c2cccc3cccc(c23)C1=O,43.0,False
O=c1[nH]c(=O)c2cc(S(=O)(=O)Nc3ccc(Cn4ccnc4)cc3)ccc2[nH]1,238.0,False
O=c1[nH]c(=O)c2cc(S(=O)(=O)Nc3ccc(Oc4cccnc4)cc3)ccc2[nH]1,314.0,False
O=c1[nH]c(=O)c2cc(S(=O)(=O)Nc3cccc(CCc4ccncc4)c3)ccc2[nH]1,424.0,False
O=c1[nH]c(=S)[nH]c(-c2ccc(Br)cc2)c1Cc1c(O)ccc2ccccc12,12.85,False
O=c1[nH]c(=S)[nH]c(-c2ccc3ccccc3c2)c1Cc1c(O)ccc2ccccc12,12.4,False
O=c1[nH]c(=S)[nH]c(-c2cccc(F)c2)c1Cc1c(O)ccc2ccccc12,38.3,False
O=c1[nH]c(=S)[nH]c(-c2ccccc2)c1Cc1c(O)ccc2ccccc12,56.0,False
O=c1[nH]c(=S)[nH]c(-c2ccccc2F)c1Cc1c(O)ccc2ccccc12,50.0,False
O=c1[nH]c(=S)[nH]c(CCc2ccccc2)c1Cc1c(O)ccc2ccccc12,17.5,False
O=c1nc2oc3ccc4ccccc4c3cc-2c(=O)n1-c1ccccc1,8.4,False
O=c1nc2oc3ccc4ccccc4c3cc-2c(=O)n1C1CCCCC1,21.1,False
O=c1nc2oc3ccc4ccccc4c3cc-2c(=O)n1Cc1ccccc1,12.0,False
O=c1nc2oc3ccccc3cc-2c(=O)[nH]1,5.3,False
Oc1c(Br)cc(C=C2c3cc(I)ccc3NC2O)cc1Br,41.6,False
Oc1cc(O)c2c(-c3cc(F)cc(F)c3)c(Br)oc2c1,76.3,False
Oc1cc(O)c2c(-c3cc(F)cc(F)c3)coc2c1,274.0,False
Oc1cc(O)c2c(-c3ccc(F)cc3)coc2c1,192.0,False
Oc1cc(O)c2cc(-c3cc(F)cc(F)c3)oc2c1,36.7,False
Oc1cc(O)c2cc(-c3cc(O)c(O)c(O)c3)oc2c1,1.84,False
Oc1ccc(-c2coc3cc(O)cc(O)c23)cc1,22.8,False
Oc1ccccc1-c1nc2ccc(Cl)cn2c1NCc1ccc2c(c1)OCO2,32.0,False
S=c1[nH]c2ccc(Cl)nc2[nH]1,100.0,False
Sc1nc2c(ccc3ccccc32)[nH]1,9.6,False
c1ccc(-c2nn3c(-c4ccco4)nnc3s2)cc1,27.6,False
c1ccc(-c2nn3c(-c4ccco4)nnc3s2)nc1,65.95,False
c1ccc(CCCc2nn3c(-c4ccco4)nnc3s2)cc1,12.2,False
c1ccc(CCc2nn3c(-c4ccco4)nnc3s2)cc1,47.4,False
c1ccc(Cc2nn3c(-c4ccco4)nnc3s2)cc1,37.9,False
c1ccc(OCc2nn3c(-c4ccco4)nnc3s2)cc1,61.3,False
c1cncc(-c2cnn[nH]2)c1,203.5,False
c1cncc(-c2nn3c(-c4ccco4)nnc3s2)c1,78.8,False
c1coc(-c2nn3c(-c4ccco4)nnc3s2)c1,22.0,False
c1coc(-c2nnc3sc(-c4cc5ccccc5o4)nn23)c1,20.6,False
c1coc(-c2nnc3sc(-c4ccc5c(c4)OCCO5)nn23)c1,40.7,False
c1coc(-c2nnc3sc(-c4ccc5c(c4)OCO5)nn23)c1,45.2,False
c1coc(-c2nnc3sc(-c4cccs4)nn23)c1,88.6,False
c1coc(-c2nnc3sc(-c4ccncc4)nn23)c1,49.8,False
c1coc(-c2nnc3sc(-c4cnccn4)nn23)c1,66.6,False
c1coc(-c2nnc3sc(C4COc5ccccc5O4)nn23)c1,8.9,False
c1coc(-c2nnc3sc(Cc4ccc5c(c4)OCCO5)nn23)c1,67.0,False
